category,entity_type,entity,indicator,period,value,note,source
agriculture_trade,national,Tanzania,Cashew_Production_Tonnes,2019,225053,,TCDC/Ushirika statistics (ushirika.go.tz) | NBS Statistical Abstract 2024 / Tanzania in Figures
agriculture_trade,national,Tanzania,Coffee_Production_Tonnes,2019,68147,,TCDC/Ushirika statistics (ushirika.go.tz) | NBS Statistical Abstract 2024 / Tanzania in Figures
agriculture_trade,national,Tanzania,Cotton_Production_Tonnes,2019,348910,,TCDC/Ushirika statistics (ushirika.go.tz) | NBS Statistical Abstract 2024 / Tanzania in Figures
agriculture_trade,national,Tanzania,Tea_Production_Tonnes,2019,37193,,TCDC/Ushirika statistics (ushirika.go.tz) | NBS Statistical Abstract 2024 / Tanzania in Figures
agriculture_trade,national,Tanzania,Tobacco_Production_Tonnes,2019,70824,,TCDC/Ushirika statistics (ushirika.go.tz) | NBS Statistical Abstract 2024 / Tanzania in Figures
agriculture_trade,national,Tanzania,Sisal_Production_Tonnes,2019,33271,,TCDC/Ushirika statistics (ushirika.go.tz) | NBS Statistical Abstract 2024 / Tanzania in Figures
agriculture_trade,national,Tanzania,Traditional_Cash_Crops_Total_Tonnes,2019,783398,,TCDC/Ushirika statistics (ushirika.go.tz) | NBS Statistical Abstract 2024 / Tanzania in Figures
agriculture_trade,national,Tanzania,Coffee_Export_Value_USD_M,2019,152.2,,TCDC/Ushirika statistics (ushirika.go.tz) | NBS Statistical Abstract 2024 / Tanzania in Figures
agriculture_trade,national,Tanzania,Cotton_Export_Value_USD_M,2019,91.8,,TCDC/Ushirika statistics (ushirika.go.tz) | NBS Statistical Abstract 2024 / Tanzania in Figures
agriculture_trade,national,Tanzania,Cashew_Export_Value_USD_M,2019,353.1,,TCDC/Ushirika statistics (ushirika.go.tz) | NBS Statistical Abstract 2024 / Tanzania in Figures
agriculture_trade,national,Tanzania,Tobacco_Export_Value_USD_M,2019,146.5,,TCDC/Ushirika statistics (ushirika.go.tz) | NBS Statistical Abstract 2024 / Tanzania in Figures
agriculture_trade,national,Tanzania,Tea_Export_Value_USD_M,2019,45.7,,TCDC/Ushirika statistics (ushirika.go.tz) | NBS Statistical Abstract 2024 / Tanzania in Figures
agriculture_trade,national,Tanzania,Sisal_Export_Value_USD_M,2019,19.3,,TCDC/Ushirika statistics (ushirika.go.tz) | NBS Statistical Abstract 2024 / Tanzania in Figures
agriculture_trade,national,Tanzania,Traditional_Goods_Total_Export_Value_USD_M,2019,817.7,,TCDC/Ushirika statistics (ushirika.go.tz) | NBS Statistical Abstract 2024 / Tanzania in Figures
cooperatives,national,Tanzania,Total_Cooperatives_Registered,2020,9741,,TCDC/Ushirika statistics (ushirika.go.tz) | NBS Statistical Abstract 2024 / Tanzania in Figures
finance_access,national,Tanzania,Tier2_MSPs_Licensed,2020,95,,TCDC/Ushirika statistics (ushirika.go.tz) | NBS Statistical Abstract 2024 / Tanzania in Figures
agriculture_trade,national,Tanzania,Total_Food_Crop_Production_000_Tonnes,2020,18664,,TCDC/Ushirika statistics (ushirika.go.tz) | NBS Statistical Abstract 2024 / Tanzania in Figures
agriculture_trade,national,Tanzania,Maize_Production_000_Tonnes,2020,7039,,TCDC/Ushirika statistics (ushirika.go.tz) | NBS Statistical Abstract 2024 / Tanzania in Figures
agriculture_trade,national,Tanzania,Rice_Production_000_Tonnes,2020,2688,,TCDC/Ushirika statistics (ushirika.go.tz) | NBS Statistical Abstract 2024 / Tanzania in Figures
agriculture_trade,national,Tanzania,Wheat_Production_000_Tonnes,2020,70,,TCDC/Ushirika statistics (ushirika.go.tz) | NBS Statistical Abstract 2024 / Tanzania in Figures
agriculture_trade,national,Tanzania,Cassava_Production_000_Tonnes,2020,2486,,TCDC/Ushirika statistics (ushirika.go.tz) | NBS Statistical Abstract 2024 / Tanzania in Figures
agriculture_trade,national,Tanzania,Cashew_Production_Tonnes,2020,232681,,TCDC/Ushirika statistics (ushirika.go.tz) | NBS Statistical Abstract 2024 / Tanzania in Figures
agriculture_trade,national,Tanzania,Coffee_Production_Tonnes,2020,60651,,TCDC/Ushirika statistics (ushirika.go.tz) | NBS Statistical Abstract 2024 / Tanzania in Figures
agriculture_trade,national,Tanzania,Cotton_Production_Tonnes,2020,348958,,TCDC/Ushirika statistics (ushirika.go.tz) | NBS Statistical Abstract 2024 / Tanzania in Figures
agriculture_trade,national,Tanzania,Tea_Production_Tonnes,2020,28715,,TCDC/Ushirika statistics (ushirika.go.tz) | NBS Statistical Abstract 2024 / Tanzania in Figures
agriculture_trade,national,Tanzania,Tobacco_Production_Tonnes,2020,37546,,TCDC/Ushirika statistics (ushirika.go.tz) | NBS Statistical Abstract 2024 / Tanzania in Figures
agriculture_trade,national,Tanzania,Sisal_Production_Tonnes,2020,36379,,TCDC/Ushirika statistics (ushirika.go.tz) | NBS Statistical Abstract 2024 / Tanzania in Figures
agriculture_trade,national,Tanzania,Traditional_Cash_Crops_Total_Tonnes,2020,1058798,,TCDC/Ushirika statistics (ushirika.go.tz) | NBS Statistical Abstract 2024 / Tanzania in Figures
agriculture_trade,national,Tanzania,Coffee_Export_Qty_000_Tonnes,2020,64,,TCDC/Ushirika statistics (ushirika.go.tz) | NBS Statistical Abstract 2024 / Tanzania in Figures
agriculture_trade,national,Tanzania,Coffee_Export_Value_USD_M,2020,145.2,,TCDC/Ushirika statistics (ushirika.go.tz) | NBS Statistical Abstract 2024 / Tanzania in Figures
agriculture_trade,national,Tanzania,Cotton_Export_Qty_000_Tonnes,2020,72.6,,TCDC/Ushirika statistics (ushirika.go.tz) | NBS Statistical Abstract 2024 / Tanzania in Figures
agriculture_trade,national,Tanzania,Cotton_Export_Value_USD_M,2020,87.5,,TCDC/Ushirika statistics (ushirika.go.tz) | NBS Statistical Abstract 2024 / Tanzania in Figures
agriculture_trade,national,Tanzania,Cashew_Export_Qty_000_Tonnes,2020,320.9,,TCDC/Ushirika statistics (ushirika.go.tz) | NBS Statistical Abstract 2024 / Tanzania in Figures
agriculture_trade,national,Tanzania,Cashew_Export_Value_USD_M,2020,359.6,,TCDC/Ushirika statistics (ushirika.go.tz) | NBS Statistical Abstract 2024 / Tanzania in Figures
agriculture_trade,national,Tanzania,Tobacco_Export_Qty_000_Tonnes,2020,42.6,,TCDC/Ushirika statistics (ushirika.go.tz) | NBS Statistical Abstract 2024 / Tanzania in Figures
agriculture_trade,national,Tanzania,Tobacco_Export_Value_USD_M,2020,148.7,,TCDC/Ushirika statistics (ushirika.go.tz) | NBS Statistical Abstract 2024 / Tanzania in Figures
agriculture_trade,national,Tanzania,Tea_Export_Qty_000_Tonnes,2020,24.1,,TCDC/Ushirika statistics (ushirika.go.tz) | NBS Statistical Abstract 2024 / Tanzania in Figures
agriculture_trade,national,Tanzania,Tea_Export_Value_USD_M,2020,32.4,,TCDC/Ushirika statistics (ushirika.go.tz) | NBS Statistical Abstract 2024 / Tanzania in Figures
agriculture_trade,national,Tanzania,Sisal_Export_Qty_000_Tonnes,2020,11.2,,TCDC/Ushirika statistics (ushirika.go.tz) | NBS Statistical Abstract 2024 / Tanzania in Figures
agriculture_trade,national,Tanzania,Sisal_Export_Value_USD_M,2020,17.6,,TCDC/Ushirika statistics (ushirika.go.tz) | NBS Statistical Abstract 2024 / Tanzania in Figures
agriculture_trade,national,Tanzania,Traditional_Goods_Total_Export_Value_USD_M,2020,808.1,,TCDC/Ushirika statistics (ushirika.go.tz) | NBS Statistical Abstract 2024 / Tanzania in Figures
agriculture_trade,national,Tanzania,Total_Exports_FoB_Billion_TZS,2020,13883,,TCDC/Ushirika statistics (ushirika.go.tz) | NBS Statistical Abstract 2024 / Tanzania in Figures
cooperatives,national,Tanzania,Total_Cooperatives_Registered,2021,9741,,TCDC/Ushirika statistics (ushirika.go.tz) | NBS Statistical Abstract 2024 / Tanzania in Figures
cooperatives,national,Tanzania,AMCOS_Registered,2021,4538,,TCDC/Ushirika statistics (ushirika.go.tz) | NBS Statistical Abstract 2024 / Tanzania in Figures
finance_access,national,Tanzania,SACCOS_Registered,2021,3946,,TCDC/Ushirika statistics (ushirika.go.tz) | NBS Statistical Abstract 2024 / Tanzania in Figures
finance_access,national,Tanzania,SACCOS_Licensed_BoT,2021,533,,TCDC/Ushirika statistics (ushirika.go.tz) | NBS Statistical Abstract 2024 / Tanzania in Figures
finance_access,national,Tanzania,SACCOS_License_Rate_Pct,2021,14,,TCDC/Ushirika statistics (ushirika.go.tz) | NBS Statistical Abstract 2024 / Tanzania in Figures
cooperatives,national,Tanzania,Total_Cooperative_Members,2021,6050327,,TCDC/Ushirika statistics (ushirika.go.tz) | NBS Statistical Abstract 2024 / Tanzania in Figures
finance_access,national,Tanzania,SACCOS_Members,2021,693264,,TCDC/Ushirika statistics (ushirika.go.tz) | NBS Statistical Abstract 2024 / Tanzania in Figures
finance_access,national,Tanzania,Tier2_MSPs_Licensed,2021,692,,TCDC/Ushirika statistics (ushirika.go.tz) | NBS Statistical Abstract 2024 / Tanzania in Figures
finance_access,national,Tanzania,Tier3_SACCOS_Licensed_BoT,2021,580,,TCDC/Ushirika statistics (ushirika.go.tz) | NBS Statistical Abstract 2024 / Tanzania in Figures
finance_access,national,Tanzania,Tier4_Community_MFGs,2021,24123,,TCDC/Ushirika statistics (ushirika.go.tz) | NBS Statistical Abstract 2024 / Tanzania in Figures
finance_access,national,Tanzania,Total_Microfinance_Providers,2021,25395,,TCDC/Ushirika statistics (ushirika.go.tz) | NBS Statistical Abstract 2024 / Tanzania in Figures
agriculture_trade,national,Tanzania,Total_Food_Crop_Production_000_Tonnes,2021,17148,,TCDC/Ushirika statistics (ushirika.go.tz) | NBS Statistical Abstract 2024 / Tanzania in Figures
agriculture_trade,national,Tanzania,Maize_Production_000_Tonnes,2021,6417,,TCDC/Ushirika statistics (ushirika.go.tz) | NBS Statistical Abstract 2024 / Tanzania in Figures
agriculture_trade,national,Tanzania,Rice_Production_000_Tonnes,2021,1708,,TCDC/Ushirika statistics (ushirika.go.tz) | NBS Statistical Abstract 2024 / Tanzania in Figures
agriculture_trade,national,Tanzania,Wheat_Production_000_Tonnes,2021,62,,TCDC/Ushirika statistics (ushirika.go.tz) | NBS Statistical Abstract 2024 / Tanzania in Figures
agriculture_trade,national,Tanzania,Cassava_Production_000_Tonnes,2021,2411,,TCDC/Ushirika statistics (ushirika.go.tz) | NBS Statistical Abstract 2024 / Tanzania in Figures
agriculture_trade,national,Tanzania,Cashew_Production_Tonnes,2021,210786,,TCDC/Ushirika statistics (ushirika.go.tz) | NBS Statistical Abstract 2024 / Tanzania in Figures
agriculture_trade,national,Tanzania,Coffee_Production_Tonnes,2021,73027,,TCDC/Ushirika statistics (ushirika.go.tz) | NBS Statistical Abstract 2024 / Tanzania in Figures
agriculture_trade,national,Tanzania,Cotton_Production_Tonnes,2021,122836,,TCDC/Ushirika statistics (ushirika.go.tz) | NBS Statistical Abstract 2024 / Tanzania in Figures
agriculture_trade,national,Tanzania,Tea_Production_Tonnes,2021,27510,,TCDC/Ushirika statistics (ushirika.go.tz) | NBS Statistical Abstract 2024 / Tanzania in Figures
agriculture_trade,national,Tanzania,Tobacco_Production_Tonnes,2021,58508,,TCDC/Ushirika statistics (ushirika.go.tz) | NBS Statistical Abstract 2024 / Tanzania in Figures
agriculture_trade,national,Tanzania,Sisal_Production_Tonnes,2021,36170,,TCDC/Ushirika statistics (ushirika.go.tz) | NBS Statistical Abstract 2024 / Tanzania in Figures
agriculture_trade,national,Tanzania,Traditional_Cash_Crops_Total_Tonnes,2021,898967,,TCDC/Ushirika statistics (ushirika.go.tz) | NBS Statistical Abstract 2024 / Tanzania in Figures
agriculture_trade,national,Tanzania,Coffee_Export_Qty_000_Tonnes,2021,68,,TCDC/Ushirika statistics (ushirika.go.tz) | NBS Statistical Abstract 2024 / Tanzania in Figures
agriculture_trade,national,Tanzania,Coffee_Export_Value_USD_M,2021,155.2,,TCDC/Ushirika statistics (ushirika.go.tz) | NBS Statistical Abstract 2024 / Tanzania in Figures
agriculture_trade,national,Tanzania,Cotton_Export_Qty_000_Tonnes,2021,48.8,,TCDC/Ushirika statistics (ushirika.go.tz) | NBS Statistical Abstract 2024 / Tanzania in Figures
agriculture_trade,national,Tanzania,Cotton_Export_Value_USD_M,2021,81.3,,TCDC/Ushirika statistics (ushirika.go.tz) | NBS Statistical Abstract 2024 / Tanzania in Figures
agriculture_trade,national,Tanzania,Cashew_Export_Qty_000_Tonnes,2021,154.4,,TCDC/Ushirika statistics (ushirika.go.tz) | NBS Statistical Abstract 2024 / Tanzania in Figures
agriculture_trade,national,Tanzania,Cashew_Export_Value_USD_M,2021,159,,TCDC/Ushirika statistics (ushirika.go.tz) | NBS Statistical Abstract 2024 / Tanzania in Figures
agriculture_trade,national,Tanzania,Tobacco_Export_Qty_000_Tonnes,2021,37.7,,TCDC/Ushirika statistics (ushirika.go.tz) | NBS Statistical Abstract 2024 / Tanzania in Figures
agriculture_trade,national,Tanzania,Tobacco_Export_Value_USD_M,2021,127.5,,TCDC/Ushirika statistics (ushirika.go.tz) | NBS Statistical Abstract 2024 / Tanzania in Figures
agriculture_trade,national,Tanzania,Tea_Export_Qty_000_Tonnes,2021,24.2,,TCDC/Ushirika statistics (ushirika.go.tz) | NBS Statistical Abstract 2024 / Tanzania in Figures
agriculture_trade,national,Tanzania,Tea_Export_Value_USD_M,2021,32.9,,TCDC/Ushirika statistics (ushirika.go.tz) | NBS Statistical Abstract 2024 / Tanzania in Figures
agriculture_trade,national,Tanzania,Sisal_Export_Qty_000_Tonnes,2021,12.6,,TCDC/Ushirika statistics (ushirika.go.tz) | NBS Statistical Abstract 2024 / Tanzania in Figures
agriculture_trade,national,Tanzania,Sisal_Export_Value_USD_M,2021,20.2,,TCDC/Ushirika statistics (ushirika.go.tz) | NBS Statistical Abstract 2024 / Tanzania in Figures
agriculture_trade,national,Tanzania,Traditional_Goods_Total_Export_Value_USD_M,2021,627.9,,TCDC/Ushirika statistics (ushirika.go.tz) | NBS Statistical Abstract 2024 / Tanzania in Figures
agriculture_trade,national,Tanzania,Total_Exports_FoB_Billion_TZS,2021,14385,,TCDC/Ushirika statistics (ushirika.go.tz) | NBS Statistical Abstract 2024 / Tanzania in Figures
cooperatives,national,Tanzania,Total_Cooperatives_Registered,2022,7349,,TCDC/Ushirika statistics (ushirika.go.tz) | NBS Statistical Abstract 2024 / Tanzania in Figures
cooperatives,national,Tanzania,AMCOS_Registered,2022,4279,,TCDC/Ushirika statistics (ushirika.go.tz) | NBS Statistical Abstract 2024 / Tanzania in Figures
finance_access,national,Tanzania,SACCOS_Registered,2022,2042,,TCDC/Ushirika statistics (ushirika.go.tz) | NBS Statistical Abstract 2024 / Tanzania in Figures
finance_access,national,Tanzania,SACCOS_Licensed_BoT,2022,801,,TCDC/Ushirika statistics (ushirika.go.tz) | NBS Statistical Abstract 2024 / Tanzania in Figures
finance_access,national,Tanzania,SACCOS_License_Rate_Pct,2022,39,,TCDC/Ushirika statistics (ushirika.go.tz) | NBS Statistical Abstract 2024 / Tanzania in Figures
cooperatives,national,Tanzania,Total_Cooperative_Members,2022,8358326,,TCDC/Ushirika statistics (ushirika.go.tz) | NBS Statistical Abstract 2024 / Tanzania in Figures
cooperatives,national,Tanzania,Total_Cooperative_Employment,2022,146555,,TCDC/Ushirika statistics (ushirika.go.tz) | NBS Statistical Abstract 2024 / Tanzania in Figures
cooperatives,national,Tanzania,Permanent_Employees,2022,38209,,TCDC/Ushirika statistics (ushirika.go.tz) | NBS Statistical Abstract 2024 / Tanzania in Figures
cooperatives,national,Tanzania,Casual_Employees,2022,108346,,TCDC/Ushirika statistics (ushirika.go.tz) | NBS Statistical Abstract 2024 / Tanzania in Figures
agriculture_trade,national,Tanzania,Crop_Sales_Tonnes,2022,1826851,,TCDC/Ushirika statistics (ushirika.go.tz) | NBS Statistical Abstract 2024 / Tanzania in Figures
agriculture_trade,national,Tanzania,Crop_Sales_Value_TZS_Billions,2022,1752,,TCDC/Ushirika statistics (ushirika.go.tz) | NBS Statistical Abstract 2024 / Tanzania in Figures
cooperatives,national,Tanzania,Agro_Inputs_Value_TZS_Billions,2022,450,,TCDC/Ushirika statistics (ushirika.go.tz) | NBS Statistical Abstract 2024 / Tanzania in Figures
finance_access,national,Tanzania,Tier2_MSPs_Licensed,2022,1099,,TCDC/Ushirika statistics (ushirika.go.tz) | NBS Statistical Abstract 2024 / Tanzania in Figures
finance_access,national,Tanzania,Tier2_MSP_Loans_Billions_TZS,2022,811.3,,TCDC/Ushirika statistics (ushirika.go.tz) | NBS Statistical Abstract 2024 / Tanzania in Figures
finance_access,national,Tanzania,Tier3_SACCOS_Licensed_BoT,2022,978,,TCDC/Ushirika statistics (ushirika.go.tz) | NBS Statistical Abstract 2024 / Tanzania in Figures
finance_access,national,Tanzania,Tier4_Community_MFGs,2022,37153,,TCDC/Ushirika statistics (ushirika.go.tz) | NBS Statistical Abstract 2024 / Tanzania in Figures
finance_access,national,Tanzania,Total_Microfinance_Providers,2022,39230,,TCDC/Ushirika statistics (ushirika.go.tz) | NBS Statistical Abstract 2024 / Tanzania in Figures
finance_access,national,Tanzania,SACCOS_Total_Members_Millions,2022,1.8,,TCDC/Ushirika statistics (ushirika.go.tz) | NBS Statistical Abstract 2024 / Tanzania in Figures
finance_access,national,Tanzania,SACCOS_Savings_Billions_TZS,2022,871.3,,TCDC/Ushirika statistics (ushirika.go.tz) | NBS Statistical Abstract 2024 / Tanzania in Figures
finance_access,national,Tanzania,SACCOS_Loans_Outstanding_Billions_TZS,2022,1045,,TCDC/Ushirika statistics (ushirika.go.tz) | NBS Statistical Abstract 2024 / Tanzania in Figures
finance_access,national,Tanzania,SACCOS_Total_Assets_Billions_TZS,2022,1225,,TCDC/Ushirika statistics (ushirika.go.tz) | NBS Statistical Abstract 2024 / Tanzania in Figures
finance_access,national,Tanzania,SACCOS_Core_Capital_Billions_TZS,2022,151.05,,TCDC/Ushirika statistics (ushirika.go.tz) | NBS Statistical Abstract 2024 / Tanzania in Figures
agriculture_trade,national,Tanzania,Total_Food_Crop_Production_000_Tonnes,2022,20402,,TCDC/Ushirika statistics (ushirika.go.tz) | NBS Statistical Abstract 2024 / Tanzania in Figures
agriculture_trade,national,Tanzania,Maize_Production_000_Tonnes,2022,8011,,TCDC/Ushirika statistics (ushirika.go.tz) | NBS Statistical Abstract 2024 / Tanzania in Figures
agriculture_trade,national,Tanzania,Rice_Production_000_Tonnes,2022,2332,,TCDC/Ushirika statistics (ushirika.go.tz) | NBS Statistical Abstract 2024 / Tanzania in Figures
agriculture_trade,national,Tanzania,Wheat_Production_000_Tonnes,2022,87,,TCDC/Ushirika statistics (ushirika.go.tz) | NBS Statistical Abstract 2024 / Tanzania in Figures
agriculture_trade,national,Tanzania,Cassava_Production_000_Tonnes,2022,2575,,TCDC/Ushirika statistics (ushirika.go.tz) | NBS Statistical Abstract 2024 / Tanzania in Figures
agriculture_trade,national,Tanzania,Cereals_Total_Million_Tonnes,2022,11.42,,TCDC/Ushirika statistics (ushirika.go.tz) | NBS Statistical Abstract 2024 / Tanzania in Figures
agriculture_trade,national,Tanzania,Roots_Tubers_Total_Million_Tonnes,2022,11.06,,TCDC/Ushirika statistics (ushirika.go.tz) | NBS Statistical Abstract 2024 / Tanzania in Figures
agriculture_trade,national,Tanzania,Cashew_Production_Tonnes,2022,240158,,TCDC/Ushirika statistics (ushirika.go.tz) | NBS Statistical Abstract 2024 / Tanzania in Figures
agriculture_trade,national,Tanzania,Coffee_Production_Tonnes,2022,66837,,TCDC/Ushirika statistics (ushirika.go.tz) | NBS Statistical Abstract 2024 / Tanzania in Figures
agriculture_trade,national,Tanzania,Cotton_Production_Tonnes,2022,144792,,TCDC/Ushirika statistics (ushirika.go.tz) | NBS Statistical Abstract 2024 / Tanzania in Figures
agriculture_trade,national,Tanzania,Tea_Production_Tonnes,2022,24825,,TCDC/Ushirika statistics (ushirika.go.tz) | NBS Statistical Abstract 2024 / Tanzania in Figures
agriculture_trade,national,Tanzania,Tobacco_Production_Tonnes,2022,70699,,TCDC/Ushirika statistics (ushirika.go.tz) | NBS Statistical Abstract 2024 / Tanzania in Figures
agriculture_trade,national,Tanzania,Sisal_Production_Tonnes,2022,44151,,TCDC/Ushirika statistics (ushirika.go.tz) | NBS Statistical Abstract 2024 / Tanzania in Figures
agriculture_trade,national,Tanzania,Traditional_Cash_Crops_Total_Tonnes,2022,973436,,TCDC/Ushirika statistics (ushirika.go.tz) | NBS Statistical Abstract 2024 / Tanzania in Figures
agriculture_trade,national,Tanzania,Coffee_Export_Qty_000_Tonnes,2022,55.2,,TCDC/Ushirika statistics (ushirika.go.tz) | NBS Statistical Abstract 2024 / Tanzania in Figures
agriculture_trade,national,Tanzania,Coffee_Export_Value_USD_M,2022,161.2,,TCDC/Ushirika statistics (ushirika.go.tz) | NBS Statistical Abstract 2024 / Tanzania in Figures
agriculture_trade,national,Tanzania,Cotton_Export_Qty_000_Tonnes,2022,48.9,,TCDC/Ushirika statistics (ushirika.go.tz) | NBS Statistical Abstract 2024 / Tanzania in Figures
agriculture_trade,national,Tanzania,Cotton_Export_Value_USD_M,2022,103.4,,TCDC/Ushirika statistics (ushirika.go.tz) | NBS Statistical Abstract 2024 / Tanzania in Figures
agriculture_trade,national,Tanzania,Cashew_Export_Qty_000_Tonnes,2022,234,,TCDC/Ushirika statistics (ushirika.go.tz) | NBS Statistical Abstract 2024 / Tanzania in Figures
agriculture_trade,national,Tanzania,Cashew_Export_Value_USD_M,2022,226.9,,TCDC/Ushirika statistics (ushirika.go.tz) | NBS Statistical Abstract 2024 / Tanzania in Figures
agriculture_trade,national,Tanzania,Tobacco_Export_Qty_000_Tonnes,2022,49.3,,TCDC/Ushirika statistics (ushirika.go.tz) | NBS Statistical Abstract 2024 / Tanzania in Figures
agriculture_trade,national,Tanzania,Tobacco_Export_Value_USD_M,2022,178.5,,TCDC/Ushirika statistics (ushirika.go.tz) | NBS Statistical Abstract 2024 / Tanzania in Figures
agriculture_trade,national,Tanzania,Tea_Export_Qty_000_Tonnes,2022,21.1,,TCDC/Ushirika statistics (ushirika.go.tz) | NBS Statistical Abstract 2024 / Tanzania in Figures
agriculture_trade,national,Tanzania,Tea_Export_Value_USD_M,2022,30,,TCDC/Ushirika statistics (ushirika.go.tz) | NBS Statistical Abstract 2024 / Tanzania in Figures
agriculture_trade,national,Tanzania,Sisal_Export_Qty_000_Tonnes,2022,14.9,,TCDC/Ushirika statistics (ushirika.go.tz) | NBS Statistical Abstract 2024 / Tanzania in Figures
agriculture_trade,national,Tanzania,Sisal_Export_Value_USD_M,2022,24.3,,TCDC/Ushirika statistics (ushirika.go.tz) | NBS Statistical Abstract 2024 / Tanzania in Figures
agriculture_trade,national,Tanzania,Traditional_Goods_Total_Export_Value_USD_M,2022,766.5,,TCDC/Ushirika statistics (ushirika.go.tz) | NBS Statistical Abstract 2024 / Tanzania in Figures
agriculture_trade,national,Tanzania,Total_Exports_FoB_Billion_TZS,2022,15638,,TCDC/Ushirika statistics (ushirika.go.tz) | NBS Statistical Abstract 2024 / Tanzania in Figures
agriculture_trade,national,Tanzania,Agri_GDP_Share_Pct,2022,16.1,,TCDC/Ushirika statistics (ushirika.go.tz) | NBS Statistical Abstract 2024 / Tanzania in Figures
agriculture_trade,national,Tanzania,Agri_GDP_Growth_Pct,2022,4.2,,TCDC/Ushirika statistics (ushirika.go.tz) | NBS Statistical Abstract 2024 / Tanzania in Figures
agriculture_trade,national,Tanzania,MoA_Budget_Billion_TZS,2022,751.12,,TCDC/Ushirika statistics (ushirika.go.tz) | NBS Statistical Abstract 2024 / Tanzania in Figures
agriculture_trade,national,Tanzania,Fertilizer_Available_000_Tonnes,2022,1036,,TCDC/Ushirika statistics (ushirika.go.tz) | NBS Statistical Abstract 2024 / Tanzania in Figures
agriculture_trade,national,Tanzania,Improved_Seeds_Distributed_Tonnes,2022,58808,,TCDC/Ushirika statistics (ushirika.go.tz) | NBS Statistical Abstract 2024 / Tanzania in Figures
cooperatives,national,Tanzania,Total_Cooperatives_Registered,2023,7604,,TCDC/Ushirika statistics (ushirika.go.tz) | NBS Statistical Abstract 2024 / Tanzania in Figures
cooperatives,national,Tanzania,Total_Cooperative_Employment,2023,153982,,TCDC/Ushirika statistics (ushirika.go.tz) | NBS Statistical Abstract 2024 / Tanzania in Figures
cooperatives,national,Tanzania,Permanent_Employees,2023,43096,,TCDC/Ushirika statistics (ushirika.go.tz) | NBS Statistical Abstract 2024 / Tanzania in Figures
cooperatives,national,Tanzania,Casual_Employees,2023,110886,,TCDC/Ushirika statistics (ushirika.go.tz) | NBS Statistical Abstract 2024 / Tanzania in Figures
cooperatives,national,Tanzania,Industries_Owned_By_Cooperatives,2023,328,,TCDC/Ushirika statistics (ushirika.go.tz) | NBS Statistical Abstract 2024 / Tanzania in Figures
cooperatives,national,Tanzania,Women_Cooperatives_Count,2023,50,,TCDC/Ushirika statistics (ushirika.go.tz) | NBS Statistical Abstract 2024 / Tanzania in Figures
agriculture_trade,national,Tanzania,Crop_Sales_Value_TZS_Billions,2023,1980,,TCDC/Ushirika statistics (ushirika.go.tz) | NBS Statistical Abstract 2024 / Tanzania in Figures
finance_access,national,Tanzania,Tier2_MSPs_Licensed,2023,1579,,TCDC/Ushirika statistics (ushirika.go.tz) | NBS Statistical Abstract 2024 / Tanzania in Figures
finance_access,national,Tanzania,Tier2_MSP_Loans_Billions_TZS,2023,962.3,,TCDC/Ushirika statistics (ushirika.go.tz) | NBS Statistical Abstract 2024 / Tanzania in Figures
finance_access,national,Tanzania,Tier3_SACCOS_Licensed_BoT,2023,1018,,TCDC/Ushirika statistics (ushirika.go.tz) | NBS Statistical Abstract 2024 / Tanzania in Figures
finance_access,national,Tanzania,Tier4_Community_MFGs,2023,48284,,TCDC/Ushirika statistics (ushirika.go.tz) | NBS Statistical Abstract 2024 / Tanzania in Figures
finance_access,national,Tanzania,Total_Microfinance_Providers,2023,50881,,TCDC/Ushirika statistics (ushirika.go.tz) | NBS Statistical Abstract 2024 / Tanzania in Figures
finance_access,national,Tanzania,SACCOS_Total_Members_Millions,2023,1.82,,TCDC/Ushirika statistics (ushirika.go.tz) | NBS Statistical Abstract 2024 / Tanzania in Figures
finance_access,national,Tanzania,SACCOS_Savings_Billions_TZS,2023,967,,TCDC/Ushirika statistics (ushirika.go.tz) | NBS Statistical Abstract 2024 / Tanzania in Figures
finance_access,national,Tanzania,SACCOS_Loans_Outstanding_Billions_TZS,2023,1113,,TCDC/Ushirika statistics (ushirika.go.tz) | NBS Statistical Abstract 2024 / Tanzania in Figures
finance_access,national,Tanzania,SACCOS_Total_Assets_Billions_TZS,2023,1328,,TCDC/Ushirika statistics (ushirika.go.tz) | NBS Statistical Abstract 2024 / Tanzania in Figures
finance_access,national,Tanzania,SACCOS_Core_Capital_Billions_TZS,2023,180.4,,TCDC/Ushirika statistics (ushirika.go.tz) | NBS Statistical Abstract 2024 / Tanzania in Figures
agriculture_trade,national,Tanzania,Total_Food_Crop_Production_000_Tonnes,2023,22804,,TCDC/Ushirika statistics (ushirika.go.tz) | NBS Statistical Abstract 2024 / Tanzania in Figures
agriculture_trade,national,Tanzania,Maize_Production_000_Tonnes,2023,10084,,TCDC/Ushirika statistics (ushirika.go.tz) | NBS Statistical Abstract 2024 / Tanzania in Figures
agriculture_trade,national,Tanzania,Rice_Production_000_Tonnes,2023,3046,,TCDC/Ushirika statistics (ushirika.go.tz) | NBS Statistical Abstract 2024 / Tanzania in Figures
agriculture_trade,national,Tanzania,Wheat_Production_000_Tonnes,2023,119,,TCDC/Ushirika statistics (ushirika.go.tz) | NBS Statistical Abstract 2024 / Tanzania in Figures
agriculture_trade,national,Tanzania,Cassava_Production_000_Tonnes,2023,2317,,TCDC/Ushirika statistics (ushirika.go.tz) | NBS Statistical Abstract 2024 / Tanzania in Figures
agriculture_trade,national,Tanzania,Cereals_Total_Million_Tonnes,2023,18.94,,TCDC/Ushirika statistics (ushirika.go.tz) | NBS Statistical Abstract 2024 / Tanzania in Figures
agriculture_trade,national,Tanzania,Roots_Tubers_Total_Million_Tonnes,2023,15.7,,TCDC/Ushirika statistics (ushirika.go.tz) | NBS Statistical Abstract 2024 / Tanzania in Figures
agriculture_trade,national,Tanzania,Cashew_Production_Tonnes,2023,254500,,TCDC/Ushirika statistics (ushirika.go.tz) | NBS Statistical Abstract 2024 / Tanzania in Figures
agriculture_trade,national,Tanzania,Coffee_Production_Tonnes,2023,66071,,TCDC/Ushirika statistics (ushirika.go.tz) | NBS Statistical Abstract 2024 / Tanzania in Figures
agriculture_trade,national,Tanzania,Cotton_Production_Tonnes,2023,282510,,TCDC/Ushirika statistics (ushirika.go.tz) | NBS Statistical Abstract 2024 / Tanzania in Figures
agriculture_trade,national,Tanzania,Tea_Production_Tonnes,2023,13525,,TCDC/Ushirika statistics (ushirika.go.tz) | NBS Statistical Abstract 2024 / Tanzania in Figures
agriculture_trade,national,Tanzania,Tobacco_Production_Tonnes,2023,178521,,TCDC/Ushirika statistics (ushirika.go.tz) | NBS Statistical Abstract 2024 / Tanzania in Figures
agriculture_trade,national,Tanzania,Sisal_Production_Tonnes,2023,56733,,TCDC/Ushirika statistics (ushirika.go.tz) | NBS Statistical Abstract 2024 / Tanzania in Figures
agriculture_trade,national,Tanzania,Traditional_Cash_Crops_Total_Tonnes,2023,1218136,,TCDC/Ushirika statistics (ushirika.go.tz) | NBS Statistical Abstract 2024 / Tanzania in Figures
agriculture_trade,national,Tanzania,Coffee_Export_Qty_000_Tonnes,2023,84.4,,TCDC/Ushirika statistics (ushirika.go.tz) | NBS Statistical Abstract 2024 / Tanzania in Figures
agriculture_trade,national,Tanzania,Coffee_Export_Value_USD_M,2023,227.9,,TCDC/Ushirika statistics (ushirika.go.tz) | NBS Statistical Abstract 2024 / Tanzania in Figures
agriculture_trade,national,Tanzania,Cotton_Export_Qty_000_Tonnes,2023,69.6,,TCDC/Ushirika statistics (ushirika.go.tz) | NBS Statistical Abstract 2024 / Tanzania in Figures
agriculture_trade,national,Tanzania,Cotton_Export_Value_USD_M,2023,101.9,,TCDC/Ushirika statistics (ushirika.go.tz) | NBS Statistical Abstract 2024 / Tanzania in Figures
agriculture_trade,national,Tanzania,Cashew_Export_Qty_000_Tonnes,2023,219.6,,TCDC/Ushirika statistics (ushirika.go.tz) | NBS Statistical Abstract 2024 / Tanzania in Figures
agriculture_trade,national,Tanzania,Cashew_Export_Value_USD_M,2023,206.4,,TCDC/Ushirika statistics (ushirika.go.tz) | NBS Statistical Abstract 2024 / Tanzania in Figures
agriculture_trade,national,Tanzania,Tobacco_Export_Qty_000_Tonnes,2023,82,,TCDC/Ushirika statistics (ushirika.go.tz) | NBS Statistical Abstract 2024 / Tanzania in Figures
agriculture_trade,national,Tanzania,Tobacco_Export_Value_USD_M,2023,340.5,,TCDC/Ushirika statistics (ushirika.go.tz) | NBS Statistical Abstract 2024 / Tanzania in Figures
agriculture_trade,national,Tanzania,Tea_Export_Qty_000_Tonnes,2023,22.2,,TCDC/Ushirika statistics (ushirika.go.tz) | NBS Statistical Abstract 2024 / Tanzania in Figures
agriculture_trade,national,Tanzania,Tea_Export_Value_USD_M,2023,31.1,,TCDC/Ushirika statistics (ushirika.go.tz) | NBS Statistical Abstract 2024 / Tanzania in Figures
agriculture_trade,national,Tanzania,Sisal_Export_Qty_000_Tonnes,2023,12.5,,TCDC/Ushirika statistics (ushirika.go.tz) | NBS Statistical Abstract 2024 / Tanzania in Figures
agriculture_trade,national,Tanzania,Sisal_Export_Value_USD_M,2023,20.4,,TCDC/Ushirika statistics (ushirika.go.tz) | NBS Statistical Abstract 2024 / Tanzania in Figures
agriculture_trade,national,Tanzania,Traditional_Goods_Total_Export_Value_USD_M,2023,953.4,,TCDC/Ushirika statistics (ushirika.go.tz) | NBS Statistical Abstract 2024 / Tanzania in Figures
agriculture_trade,national,Tanzania,Total_Exports_FoB_Billion_TZS,2023,17299,,TCDC/Ushirika statistics (ushirika.go.tz) | NBS Statistical Abstract 2024 / Tanzania in Figures
agriculture_trade,national,Tanzania,MoA_Budget_Billion_TZS,2023,970.79,,TCDC/Ushirika statistics (ushirika.go.tz) | NBS Statistical Abstract 2024 / Tanzania in Figures
agriculture_trade,national,Tanzania,Fertilizer_Available_000_Tonnes,2023,1214,,TCDC/Ushirika statistics (ushirika.go.tz) | NBS Statistical Abstract 2024 / Tanzania in Figures
agriculture_trade,national,Tanzania,Improved_Seeds_Distributed_Tonnes,2023,72032,,TCDC/Ushirika statistics (ushirika.go.tz) | NBS Statistical Abstract 2024 / Tanzania in Figures
cooperatives,national,Tanzania,Total_Cooperatives_Registered,2024,7820,,TCDC/Ushirika statistics (ushirika.go.tz) | NBS Statistical Abstract 2024 / Tanzania in Figures
cooperatives,national,Tanzania,AMCOS_Registered,2024,4533,,TCDC/Ushirika statistics (ushirika.go.tz) | NBS Statistical Abstract 2024 / Tanzania in Figures
finance_access,national,Tanzania,SACCOS_Registered,2024,2135,,TCDC/Ushirika statistics (ushirika.go.tz) | NBS Statistical Abstract 2024 / Tanzania in Figures
cooperatives,national,Tanzania,New_Cooperatives_Registered,2024,216,,TCDC/Ushirika statistics (ushirika.go.tz) | NBS Statistical Abstract 2024 / Tanzania in Figures
cooperatives,national,Tanzania,Cooperative_Assets_Value_Billions_TZS,2024,1318.8,,TCDC/Ushirika statistics (ushirika.go.tz) | NBS Statistical Abstract 2024 / Tanzania in Figures
finance_access,national,Tanzania,Tier2_MSPs_Licensed,2024,2342,,TCDC/Ushirika statistics (ushirika.go.tz) | NBS Statistical Abstract 2024 / Tanzania in Figures
finance_access,national,Tanzania,Tier2_MSP_Loans_Billions_TZS,2024,1073.3,,TCDC/Ushirika statistics (ushirika.go.tz) | NBS Statistical Abstract 2024 / Tanzania in Figures
finance_access,national,Tanzania,Tier3_SACCOS_Licensed_BoT,2024,1044,,TCDC/Ushirika statistics (ushirika.go.tz) | NBS Statistical Abstract 2024 / Tanzania in Figures
finance_access,national,Tanzania,Tier4_Community_MFGs,2024,58926,,TCDC/Ushirika statistics (ushirika.go.tz) | NBS Statistical Abstract 2024 / Tanzania in Figures
finance_access,national,Tanzania,Total_Microfinance_Providers,2024,62312,,TCDC/Ushirika statistics (ushirika.go.tz) | NBS Statistical Abstract 2024 / Tanzania in Figures
finance_access,national,Tanzania,SACCOS_Savings_Billions_TZS,2024,987,,TCDC/Ushirika statistics (ushirika.go.tz) | NBS Statistical Abstract 2024 / Tanzania in Figures
finance_access,national,Tanzania,SACCOS_Loans_Outstanding_Billions_TZS,2024,1200,,TCDC/Ushirika statistics (ushirika.go.tz) | NBS Statistical Abstract 2024 / Tanzania in Figures
finance_access,national,Tanzania,SACCOS_Saving_Accounts_Millions,2024,1.89,,TCDC/Ushirika statistics (ushirika.go.tz) | NBS Statistical Abstract 2024 / Tanzania in Figures
finance_access,national,Tanzania,SACCOS_Loan_Accounts_Millions,2024,1.89,,TCDC/Ushirika statistics (ushirika.go.tz) | NBS Statistical Abstract 2024 / Tanzania in Figures
agriculture_trade,national,Tanzania,Cashew_Production_Tonnes,2024,528262,,TCDC/Ushirika statistics (ushirika.go.tz) | NBS Statistical Abstract 2024 / Tanzania in Figures
agriculture_trade,national,Tanzania,Coffee_Production_Tonnes,2024,77417,,TCDC/Ushirika statistics (ushirika.go.tz) | NBS Statistical Abstract 2024 / Tanzania in Figures
agriculture_trade,national,Tanzania,Cotton_Production_Tonnes,2024,282510,,TCDC/Ushirika statistics (ushirika.go.tz) | NBS Statistical Abstract 2024 / Tanzania in Figures
agriculture_trade,national,Tanzania,Tea_Production_Tonnes,2024,22337,,TCDC/Ushirika statistics (ushirika.go.tz) | NBS Statistical Abstract 2024 / Tanzania in Figures
agriculture_trade,national,Tanzania,Tobacco_Production_Tonnes,2024,117464,,TCDC/Ushirika statistics (ushirika.go.tz) | NBS Statistical Abstract 2024 / Tanzania in Figures
agriculture_trade,national,Tanzania,Sisal_Production_Tonnes,2024,61216,,TCDC/Ushirika statistics (ushirika.go.tz) | NBS Statistical Abstract 2024 / Tanzania in Figures
agriculture_trade,national,Tanzania,Traditional_Cash_Crops_Total_Tonnes,2024,1487364,,TCDC/Ushirika statistics (ushirika.go.tz) | NBS Statistical Abstract 2024 / Tanzania in Figures
agriculture_trade,national,Tanzania,Coffee_Export_Qty_000_Tonnes,2024,82.2,,TCDC/Ushirika statistics (ushirika.go.tz) | NBS Statistical Abstract 2024 / Tanzania in Figures
agriculture_trade,national,Tanzania,Coffee_Export_Value_USD_M,2024,292.9,,TCDC/Ushirika statistics (ushirika.go.tz) | NBS Statistical Abstract 2024 / Tanzania in Figures
agriculture_trade,national,Tanzania,Cotton_Export_Qty_000_Tonnes,2024,52.6,,TCDC/Ushirika statistics (ushirika.go.tz) | NBS Statistical Abstract 2024 / Tanzania in Figures
agriculture_trade,national,Tanzania,Cotton_Export_Value_USD_M,2024,69.3,,TCDC/Ushirika statistics (ushirika.go.tz) | NBS Statistical Abstract 2024 / Tanzania in Figures
agriculture_trade,national,Tanzania,Cashew_Export_Qty_000_Tonnes,2024,428.3,,TCDC/Ushirika statistics (ushirika.go.tz) | NBS Statistical Abstract 2024 / Tanzania in Figures
agriculture_trade,national,Tanzania,Cashew_Export_Value_USD_M,2024,541.7,,TCDC/Ushirika statistics (ushirika.go.tz) | NBS Statistical Abstract 2024 / Tanzania in Figures
agriculture_trade,national,Tanzania,Tobacco_Export_Qty_000_Tonnes,2024,108.5,,TCDC/Ushirika statistics (ushirika.go.tz) | NBS Statistical Abstract 2024 / Tanzania in Figures
agriculture_trade,national,Tanzania,Tobacco_Export_Value_USD_M,2024,509.5,,TCDC/Ushirika statistics (ushirika.go.tz) | NBS Statistical Abstract 2024 / Tanzania in Figures
agriculture_trade,national,Tanzania,Tea_Export_Qty_000_Tonnes,2024,15.7,,TCDC/Ushirika statistics (ushirika.go.tz) | NBS Statistical Abstract 2024 / Tanzania in Figures
agriculture_trade,national,Tanzania,Tea_Export_Value_USD_M,2024,19.4,,TCDC/Ushirika statistics (ushirika.go.tz) | NBS Statistical Abstract 2024 / Tanzania in Figures
agriculture_trade,national,Tanzania,Sisal_Export_Qty_000_Tonnes,2024,21.2,,TCDC/Ushirika statistics (ushirika.go.tz) | NBS Statistical Abstract 2024 / Tanzania in Figures
agriculture_trade,national,Tanzania,Sisal_Export_Value_USD_M,2024,23.4,,TCDC/Ushirika statistics (ushirika.go.tz) | NBS Statistical Abstract 2024 / Tanzania in Figures
agriculture_trade,national,Tanzania,Traditional_Goods_Total_Export_Value_USD_M,2024,1473.3,,TCDC/Ushirika statistics (ushirika.go.tz) | NBS Statistical Abstract 2024 / Tanzania in Figures
agriculture_trade,national,Tanzania,Total_Exports_FoB_Billion_TZS,2024,22585,,TCDC/Ushirika statistics (ushirika.go.tz) | NBS Statistical Abstract 2024 / Tanzania in Figures
agriculture_trade,national,Tanzania,Agri_GDP_Share_Pct,2024,26.3,,TCDC/Ushirika statistics (ushirika.go.tz) | NBS Statistical Abstract 2024 / Tanzania in Figures
agriculture_trade,national,Tanzania,Agri_GDP_Growth_Pct,2024,4.1,,TCDC/Ushirika statistics (ushirika.go.tz) | NBS Statistical Abstract 2024 / Tanzania in Figures
cooperatives,national,Tanzania,Total_Cooperatives_Registered,2025,7984,,TCDC/Ushirika statistics (ushirika.go.tz) | NBS Statistical Abstract 2024 / Tanzania in Figures
cooperatives,national,Tanzania,AMCOS_Registered,2025,4619,,TCDC/Ushirika statistics (ushirika.go.tz) | NBS Statistical Abstract 2024 / Tanzania in Figures
finance_access,national,Tanzania,SACCOS_Registered,2025,2159,,TCDC/Ushirika statistics (ushirika.go.tz) | NBS Statistical Abstract 2024 / Tanzania in Figures
finance_access,national,Tanzania,SACCOS_Licensed_BoT,2025,982,,TCDC/Ushirika statistics (ushirika.go.tz) | NBS Statistical Abstract 2024 / Tanzania in Figures
finance_access,national,Tanzania,SACCOS_License_Rate_Pct,2025,45,,TCDC/Ushirika statistics (ushirika.go.tz) | NBS Statistical Abstract 2024 / Tanzania in Figures
cooperatives,national,Tanzania,New_Cooperatives_Registered,2025,380,,TCDC/Ushirika statistics (ushirika.go.tz) | NBS Statistical Abstract 2024 / Tanzania in Figures
agriculture_trade,national,Tanzania,Crop_Sales_Tonnes,2025,2237372,,TCDC/Ushirika statistics (ushirika.go.tz) | NBS Statistical Abstract 2024 / Tanzania in Figures
agriculture_trade,national,Tanzania,Crop_Sales_Value_TZS_Billions,2025,4279,,TCDC/Ushirika statistics (ushirika.go.tz) | NBS Statistical Abstract 2024 / Tanzania in Figures
cooperatives,national,Tanzania,Agro_Inputs_Value_TZS_Billions,2025,686,,TCDC/Ushirika statistics (ushirika.go.tz) | NBS Statistical Abstract 2024 / Tanzania in Figures
agriculture_trade,national,Tanzania,Coffee_Export_via_Coop_Tonnes,2025,15852,,TCDC/Ushirika statistics (ushirika.go.tz) | NBS Statistical Abstract 2024 / Tanzania in Figures
agriculture_trade,national,Tanzania,Coffee_Export_via_Coop_USD_M,2025,74,,TCDC/Ushirika statistics (ushirika.go.tz) | NBS Statistical Abstract 2024 / Tanzania in Figures
cooperatives,national,Tanzania,Digital_Scales_Distributed,2025,4634,,TCDC/Ushirika statistics (ushirika.go.tz) | NBS Statistical Abstract 2024 / Tanzania in Figures
agriculture_trade,national,Tanzania,Cashew_Production_Tonnes,2025,528260,,TCDC/Ushirika statistics (ushirika.go.tz) | NBS Statistical Abstract 2024 / Tanzania in Figures
agriculture_trade,national,Tanzania,Cashew_Export_Value_USD_M,2025,583.7,,TCDC/Ushirika statistics (ushirika.go.tz) | NBS Statistical Abstract 2024 / Tanzania in Figures
cooperatives,region,Arusha,AMCOS,FY2024/25,46,,TCDC/Ushirika statistics (ushirika.go.tz)
cooperatives,region,Arusha,Total_Cooperatives_Jun2025,FY2024/25,234,,TCDC/Ushirika statistics (ushirika.go.tz)
cooperatives,region,Arusha,Total_Cooperatives_Jun2024,FY2024/25,232,,TCDC/Ushirika statistics (ushirika.go.tz)
cooperatives,region,Arusha,New_Cooperatives_FY2024_25,FY2024/25,2,,TCDC/Ushirika statistics (ushirika.go.tz)
cooperatives,region,Dar es Salaam,AMCOS,FY2024/25,21,,TCDC/Ushirika statistics (ushirika.go.tz)
cooperatives,region,Dar es Salaam,Total_Cooperatives_Jun2025,FY2024/25,675,,TCDC/Ushirika statistics (ushirika.go.tz)
cooperatives,region,Dar es Salaam,Total_Cooperatives_Jun2024,FY2024/25,655,,TCDC/Ushirika statistics (ushirika.go.tz)
cooperatives,region,Dar es Salaam,New_Cooperatives_FY2024_25,FY2024/25,20,,TCDC/Ushirika statistics (ushirika.go.tz)
cooperatives,region,Dodoma,AMCOS,FY2024/25,63,,TCDC/Ushirika statistics (ushirika.go.tz)
cooperatives,region,Dodoma,Total_Cooperatives_Jun2025,FY2024/25,158,,TCDC/Ushirika statistics (ushirika.go.tz)
cooperatives,region,Dodoma,Total_Cooperatives_Jun2024,FY2024/25,136,,TCDC/Ushirika statistics (ushirika.go.tz)
cooperatives,region,Dodoma,New_Cooperatives_FY2024_25,FY2024/25,22,,TCDC/Ushirika statistics (ushirika.go.tz)
cooperatives,region,Geita,AMCOS,FY2024/25,233,,TCDC/Ushirika statistics (ushirika.go.tz)
cooperatives,region,Geita,Total_Cooperatives_Jun2025,FY2024/25,583,,TCDC/Ushirika statistics (ushirika.go.tz)
cooperatives,region,Geita,Total_Cooperatives_Jun2024,FY2024/25,569,,TCDC/Ushirika statistics (ushirika.go.tz)
cooperatives,region,Geita,New_Cooperatives_FY2024_25,FY2024/25,14,,TCDC/Ushirika statistics (ushirika.go.tz)
cooperatives,region,Iringa,AMCOS,FY2024/25,88,,TCDC/Ushirika statistics (ushirika.go.tz)
cooperatives,region,Iringa,Total_Cooperatives_Jun2025,FY2024/25,191,,TCDC/Ushirika statistics (ushirika.go.tz)
cooperatives,region,Iringa,Total_Cooperatives_Jun2024,FY2024/25,187,,TCDC/Ushirika statistics (ushirika.go.tz)
cooperatives,region,Iringa,New_Cooperatives_FY2024_25,FY2024/25,4,,TCDC/Ushirika statistics (ushirika.go.tz)
cooperatives,region,Kagera,AMCOS,FY2024/25,276,,TCDC/Ushirika statistics (ushirika.go.tz)
cooperatives,region,Kagera,Total_Cooperatives_Jun2025,FY2024/25,362,,TCDC/Ushirika statistics (ushirika.go.tz)
cooperatives,region,Kagera,Total_Cooperatives_Jun2024,FY2024/25,349,,TCDC/Ushirika statistics (ushirika.go.tz)
cooperatives,region,Kagera,New_Cooperatives_FY2024_25,FY2024/25,13,,TCDC/Ushirika statistics (ushirika.go.tz)
cooperatives,region,Katavi,AMCOS,FY2024/25,43,,TCDC/Ushirika statistics (ushirika.go.tz)
cooperatives,region,Katavi,Total_Cooperatives_Jun2025,FY2024/25,56,,TCDC/Ushirika statistics (ushirika.go.tz)
cooperatives,region,Katavi,Total_Cooperatives_Jun2024,FY2024/25,53,,TCDC/Ushirika statistics (ushirika.go.tz)
cooperatives,region,Katavi,New_Cooperatives_FY2024_25,FY2024/25,3,,TCDC/Ushirika statistics (ushirika.go.tz)
cooperatives,region,Kigoma,AMCOS,FY2024/25,155,,TCDC/Ushirika statistics (ushirika.go.tz)
cooperatives,region,Kigoma,Total_Cooperatives_Jun2025,FY2024/25,224,,TCDC/Ushirika statistics (ushirika.go.tz)
cooperatives,region,Kigoma,Total_Cooperatives_Jun2024,FY2024/25,203,,TCDC/Ushirika statistics (ushirika.go.tz)
cooperatives,region,Kigoma,New_Cooperatives_FY2024_25,FY2024/25,21,,TCDC/Ushirika statistics (ushirika.go.tz)
cooperatives,region,Kilimanjaro,AMCOS,FY2024/25,126,,TCDC/Ushirika statistics (ushirika.go.tz)
cooperatives,region,Kilimanjaro,Total_Cooperatives_Jun2025,FY2024/25,300,,TCDC/Ushirika statistics (ushirika.go.tz)
cooperatives,region,Kilimanjaro,Total_Cooperatives_Jun2024,FY2024/25,298,,TCDC/Ushirika statistics (ushirika.go.tz)
cooperatives,region,Kilimanjaro,New_Cooperatives_FY2024_25,FY2024/25,2,,TCDC/Ushirika statistics (ushirika.go.tz)
cooperatives,region,Lindi,AMCOS,FY2024/25,169,,TCDC/Ushirika statistics (ushirika.go.tz)
cooperatives,region,Lindi,Total_Cooperatives_Jun2025,FY2024/25,200,,TCDC/Ushirika statistics (ushirika.go.tz)
cooperatives,region,Lindi,Total_Cooperatives_Jun2024,FY2024/25,193,,TCDC/Ushirika statistics (ushirika.go.tz)
cooperatives,region,Lindi,New_Cooperatives_FY2024_25,FY2024/25,7,,TCDC/Ushirika statistics (ushirika.go.tz)
cooperatives,region,Manyara,AMCOS,FY2024/25,60,,TCDC/Ushirika statistics (ushirika.go.tz)
cooperatives,region,Manyara,Total_Cooperatives_Jun2025,FY2024/25,154,,TCDC/Ushirika statistics (ushirika.go.tz)
cooperatives,region,Manyara,Total_Cooperatives_Jun2024,FY2024/25,149,,TCDC/Ushirika statistics (ushirika.go.tz)
cooperatives,region,Manyara,New_Cooperatives_FY2024_25,FY2024/25,5,,TCDC/Ushirika statistics (ushirika.go.tz)
cooperatives,region,Mara,AMCOS,FY2024/25,258,,TCDC/Ushirika statistics (ushirika.go.tz)
cooperatives,region,Mara,Total_Cooperatives_Jun2025,FY2024/25,371,,TCDC/Ushirika statistics (ushirika.go.tz)
cooperatives,region,Mara,Total_Cooperatives_Jun2024,FY2024/25,356,,TCDC/Ushirika statistics (ushirika.go.tz)
cooperatives,region,Mara,New_Cooperatives_FY2024_25,FY2024/25,15,,TCDC/Ushirika statistics (ushirika.go.tz)
cooperatives,region,Mbeya,AMCOS,FY2024/25,206,,TCDC/Ushirika statistics (ushirika.go.tz)
cooperatives,region,Mbeya,Total_Cooperatives_Jun2025,FY2024/25,411,,TCDC/Ushirika statistics (ushirika.go.tz)
cooperatives,region,Mbeya,Total_Cooperatives_Jun2024,FY2024/25,400,,TCDC/Ushirika statistics (ushirika.go.tz)
cooperatives,region,Mbeya,New_Cooperatives_FY2024_25,FY2024/25,11,,TCDC/Ushirika statistics (ushirika.go.tz)
cooperatives,region,Morogoro,AMCOS,FY2024/25,210,,TCDC/Ushirika statistics (ushirika.go.tz)
cooperatives,region,Morogoro,Total_Cooperatives_Jun2025,FY2024/25,395,,TCDC/Ushirika statistics (ushirika.go.tz)
cooperatives,region,Morogoro,Total_Cooperatives_Jun2024,FY2024/25,361,,TCDC/Ushirika statistics (ushirika.go.tz)
cooperatives,region,Morogoro,New_Cooperatives_FY2024_25,FY2024/25,34,,TCDC/Ushirika statistics (ushirika.go.tz)
cooperatives,region,Mtwara,AMCOS,FY2024/25,393,,TCDC/Ushirika statistics (ushirika.go.tz)
cooperatives,region,Mtwara,Total_Cooperatives_Jun2025,FY2024/25,437,,TCDC/Ushirika statistics (ushirika.go.tz)
cooperatives,region,Mtwara,Total_Cooperatives_Jun2024,FY2024/25,421,,TCDC/Ushirika statistics (ushirika.go.tz)
cooperatives,region,Mtwara,New_Cooperatives_FY2024_25,FY2024/25,16,,TCDC/Ushirika statistics (ushirika.go.tz)
cooperatives,region,Mwanza,AMCOS,FY2024/25,253,,TCDC/Ushirika statistics (ushirika.go.tz)
cooperatives,region,Mwanza,Total_Cooperatives_Jun2025,FY2024/25,377,,TCDC/Ushirika statistics (ushirika.go.tz)
cooperatives,region,Mwanza,Total_Cooperatives_Jun2024,FY2024/25,375,,TCDC/Ushirika statistics (ushirika.go.tz)
cooperatives,region,Mwanza,New_Cooperatives_FY2024_25,FY2024/25,2,,TCDC/Ushirika statistics (ushirika.go.tz)
cooperatives,region,Njombe,AMCOS,FY2024/25,121,,TCDC/Ushirika statistics (ushirika.go.tz)
cooperatives,region,Njombe,Total_Cooperatives_Jun2025,FY2024/25,279,,TCDC/Ushirika statistics (ushirika.go.tz)
cooperatives,region,Njombe,Total_Cooperatives_Jun2024,FY2024/25,256,,TCDC/Ushirika statistics (ushirika.go.tz)
cooperatives,region,Njombe,New_Cooperatives_FY2024_25,FY2024/25,23,,TCDC/Ushirika statistics (ushirika.go.tz)
cooperatives,region,Pwani,AMCOS,FY2024/25,94,,TCDC/Ushirika statistics (ushirika.go.tz)
cooperatives,region,Pwani,Total_Cooperatives_Jun2025,FY2024/25,165,,TCDC/Ushirika statistics (ushirika.go.tz)
cooperatives,region,Pwani,Total_Cooperatives_Jun2024,FY2024/25,163,,TCDC/Ushirika statistics (ushirika.go.tz)
cooperatives,region,Pwani,New_Cooperatives_FY2024_25,FY2024/25,2,,TCDC/Ushirika statistics (ushirika.go.tz)
cooperatives,region,Rukwa,AMCOS,FY2024/25,109,,TCDC/Ushirika statistics (ushirika.go.tz)
cooperatives,region,Rukwa,Total_Cooperatives_Jun2025,FY2024/25,144,,TCDC/Ushirika statistics (ushirika.go.tz)
cooperatives,region,Rukwa,Total_Cooperatives_Jun2024,FY2024/25,136,,TCDC/Ushirika statistics (ushirika.go.tz)
cooperatives,region,Rukwa,New_Cooperatives_FY2024_25,FY2024/25,8,,TCDC/Ushirika statistics (ushirika.go.tz)
cooperatives,region,Ruvuma,AMCOS,FY2024/25,232,,TCDC/Ushirika statistics (ushirika.go.tz)
cooperatives,region,Ruvuma,Total_Cooperatives_Jun2025,FY2024/25,308,,TCDC/Ushirika statistics (ushirika.go.tz)
cooperatives,region,Ruvuma,Total_Cooperatives_Jun2024,FY2024/25,301,,TCDC/Ushirika statistics (ushirika.go.tz)
cooperatives,region,Ruvuma,New_Cooperatives_FY2024_25,FY2024/25,7,,TCDC/Ushirika statistics (ushirika.go.tz)
cooperatives,region,Shinyanga,AMCOS,FY2024/25,248,,TCDC/Ushirika statistics (ushirika.go.tz)
cooperatives,region,Shinyanga,Total_Cooperatives_Jun2025,FY2024/25,312,,TCDC/Ushirika statistics (ushirika.go.tz)
cooperatives,region,Shinyanga,Total_Cooperatives_Jun2024,FY2024/25,283,,TCDC/Ushirika statistics (ushirika.go.tz)
cooperatives,region,Shinyanga,New_Cooperatives_FY2024_25,FY2024/25,29,,TCDC/Ushirika statistics (ushirika.go.tz)
cooperatives,region,Simiyu,AMCOS,FY2024/25,335,,TCDC/Ushirika statistics (ushirika.go.tz)
cooperatives,region,Simiyu,Total_Cooperatives_Jun2025,FY2024/25,372,,TCDC/Ushirika statistics (ushirika.go.tz)
cooperatives,region,Simiyu,Total_Cooperatives_Jun2024,FY2024/25,369,,TCDC/Ushirika statistics (ushirika.go.tz)
cooperatives,region,Simiyu,New_Cooperatives_FY2024_25,FY2024/25,3,,TCDC/Ushirika statistics (ushirika.go.tz)
cooperatives,region,Singida,AMCOS,FY2024/25,87,,TCDC/Ushirika statistics (ushirika.go.tz)
cooperatives,region,Singida,Total_Cooperatives_Jun2025,FY2024/25,129,,TCDC/Ushirika statistics (ushirika.go.tz)
cooperatives,region,Singida,Total_Cooperatives_Jun2024,FY2024/25,115,,TCDC/Ushirika statistics (ushirika.go.tz)
cooperatives,region,Singida,New_Cooperatives_FY2024_25,FY2024/25,14,,TCDC/Ushirika statistics (ushirika.go.tz)
cooperatives,region,Songwe,AMCOS,FY2024/25,234,,TCDC/Ushirika statistics (ushirika.go.tz)
cooperatives,region,Songwe,Total_Cooperatives_Jun2025,FY2024/25,275,,TCDC/Ushirika statistics (ushirika.go.tz)
cooperatives,region,Songwe,Total_Cooperatives_Jun2024,FY2024/25,238,,TCDC/Ushirika statistics (ushirika.go.tz)
cooperatives,region,Songwe,New_Cooperatives_FY2024_25,FY2024/25,37,,TCDC/Ushirika statistics (ushirika.go.tz)
cooperatives,region,Tabora,AMCOS,FY2024/25,480,,TCDC/Ushirika statistics (ushirika.go.tz)
cooperatives,region,Tabora,Total_Cooperatives_Jun2025,FY2024/25,615,,TCDC/Ushirika statistics (ushirika.go.tz)
cooperatives,region,Tabora,Total_Cooperatives_Jun2024,FY2024/25,558,,TCDC/Ushirika statistics (ushirika.go.tz)
cooperatives,region,Tabora,New_Cooperatives_FY2024_25,FY2024/25,57,,TCDC/Ushirika statistics (ushirika.go.tz)
cooperatives,region,Tanga,AMCOS,FY2024/25,79,,TCDC/Ushirika statistics (ushirika.go.tz)
cooperatives,region,Tanga,Total_Cooperatives_Jun2025,FY2024/25,257,,TCDC/Ushirika statistics (ushirika.go.tz)
cooperatives,region,Tanga,Total_Cooperatives_Jun2024,FY2024/25,248,,TCDC/Ushirika statistics (ushirika.go.tz)
cooperatives,region,Tanga,New_Cooperatives_FY2024_25,FY2024/25,9,,TCDC/Ushirika statistics (ushirika.go.tz)
cooperatives,region,TOTAL,AMCOS,FY2024/25,4619,,TCDC/Ushirika statistics (ushirika.go.tz)
cooperatives,region,TOTAL,Total_Cooperatives_Jun2025,FY2024/25,7984,,TCDC/Ushirika statistics (ushirika.go.tz)
cooperatives,region,TOTAL,Total_Cooperatives_Jun2024,FY2024/25,7604,,TCDC/Ushirika statistics (ushirika.go.tz)
cooperatives,region,TOTAL,New_Cooperatives_FY2024_25,FY2024/25,380,,TCDC/Ushirika statistics (ushirika.go.tz)
agriculture_trade,crop,Tobacco,Production_Tonnes,FY2024/25,117464.24,,TCDC/Ushirika statistics (ushirika.go.tz)
agriculture_trade,crop,Tobacco,Value_TZS,FY2024/25,687305154482,,TCDC/Ushirika statistics (ushirika.go.tz)
agriculture_trade,crop,Tobacco,Value_TZS_Billions,FY2024/25,687.31,,TCDC/Ushirika statistics (ushirika.go.tz)
agriculture_trade,crop,Cashew Nuts,Production_Tonnes,FY2024/25,409038.6,,TCDC/Ushirika statistics (ushirika.go.tz)
agriculture_trade,crop,Cashew Nuts,Value_TZS,FY2024/25,1469036244102,,TCDC/Ushirika statistics (ushirika.go.tz)
agriculture_trade,crop,Cashew Nuts,Value_TZS_Billions,FY2024/25,1469.04,,TCDC/Ushirika statistics (ushirika.go.tz)
agriculture_trade,crop,Cotton,Production_Tonnes,FY2024/25,130644.37,,TCDC/Ushirika statistics (ushirika.go.tz)
agriculture_trade,crop,Cotton,Value_TZS,FY2024/25,176369892750,,TCDC/Ushirika statistics (ushirika.go.tz)
agriculture_trade,crop,Cotton,Value_TZS_Billions,FY2024/25,176.37,,TCDC/Ushirika statistics (ushirika.go.tz)
agriculture_trade,crop,Coffee,Production_Tonnes,FY2024/25,53532.11,,TCDC/Ushirika statistics (ushirika.go.tz)
agriculture_trade,crop,Coffee,Value_TZS,FY2024/25,605737995702,,TCDC/Ushirika statistics (ushirika.go.tz)
agriculture_trade,crop,Coffee,Value_TZS_Billions,FY2024/25,605.74,,TCDC/Ushirika statistics (ushirika.go.tz)
agriculture_trade,crop,Sesame,Production_Tonnes,FY2024/25,145297.43,,TCDC/Ushirika statistics (ushirika.go.tz)
agriculture_trade,crop,Sesame,Value_TZS,FY2024/25,534429302261,,TCDC/Ushirika statistics (ushirika.go.tz)
agriculture_trade,crop,Sesame,Value_TZS_Billions,FY2024/25,534.43,,TCDC/Ushirika statistics (ushirika.go.tz)
agriculture_trade,crop,Cocoa,Production_Tonnes,FY2024/25,10675.09,,TCDC/Ushirika statistics (ushirika.go.tz)
agriculture_trade,crop,Cocoa,Value_TZS,FY2024/25,228798028788,,TCDC/Ushirika statistics (ushirika.go.tz)
agriculture_trade,crop,Cocoa,Value_TZS_Billions,FY2024/25,228.8,,TCDC/Ushirika statistics (ushirika.go.tz)
agriculture_trade,crop,Sisal,Production_Tonnes,FY2024/25,61215.56,,TCDC/Ushirika statistics (ushirika.go.tz)
agriculture_trade,crop,Sisal,Value_TZS,FY2024/25,238740645000,,TCDC/Ushirika statistics (ushirika.go.tz)
agriculture_trade,crop,Sisal,Value_TZS_Billions,FY2024/25,238.74,,TCDC/Ushirika statistics (ushirika.go.tz)
agriculture_trade,crop,Tea,Production_Tonnes,FY2024/25,24825,,TCDC/Ushirika statistics (ushirika.go.tz)
agriculture_trade,crop,Tea,Value_TZS,FY2024/25,9085950,,TCDC/Ushirika statistics (ushirika.go.tz)
agriculture_trade,crop,Tea,Value_TZS_Billions,FY2024/25,0.01,,TCDC/Ushirika statistics (ushirika.go.tz)
agriculture_trade,crop,Pigeon Peas,Production_Tonnes,FY2024/25,96044.45,,TCDC/Ushirika statistics (ushirika.go.tz)
agriculture_trade,crop,Pigeon Peas,Value_TZS,FY2024/25,190803447143,,TCDC/Ushirika statistics (ushirika.go.tz)
agriculture_trade,crop,Pigeon Peas,Value_TZS_Billions,FY2024/25,190.8,,TCDC/Ushirika statistics (ushirika.go.tz)
agriculture_trade,crop,Soya Beans,Production_Tonnes,FY2024/25,1204.2,,TCDC/Ushirika statistics (ushirika.go.tz)
agriculture_trade,crop,Soya Beans,Value_TZS,FY2024/25,1812093471,,TCDC/Ushirika statistics (ushirika.go.tz)
agriculture_trade,crop,Soya Beans,Value_TZS_Billions,FY2024/25,1.81,,TCDC/Ushirika statistics (ushirika.go.tz)
agriculture_trade,crop,Chick Peas,Production_Tonnes,FY2024/25,20729.22,,TCDC/Ushirika statistics (ushirika.go.tz)
agriculture_trade,crop,Chick Peas,Value_TZS,FY2024/25,40809705710,,TCDC/Ushirika statistics (ushirika.go.tz)
agriculture_trade,crop,Chick Peas,Value_TZS_Billions,FY2024/25,40.81,,TCDC/Ushirika statistics (ushirika.go.tz)
agriculture_trade,crop,Green Gram,Production_Tonnes,FY2024/25,2220.3,,TCDC/Ushirika statistics (ushirika.go.tz)
agriculture_trade,crop,Green Gram,Value_TZS,FY2024/25,3097319895,,TCDC/Ushirika statistics (ushirika.go.tz)
agriculture_trade,crop,Green Gram,Value_TZS_Billions,FY2024/25,3.1,,TCDC/Ushirika statistics (ushirika.go.tz)
agriculture_trade,crop,Sugarcane,Production_Tonnes,FY2024/25,1159237.91,,TCDC/Ushirika statistics (ushirika.go.tz)
agriculture_trade,crop,Sugarcane,Value_TZS,FY2024/25,98013413050,,TCDC/Ushirika statistics (ushirika.go.tz)
agriculture_trade,crop,Sugarcane,Value_TZS_Billions,FY2024/25,98.01,,TCDC/Ushirika statistics (ushirika.go.tz)
agriculture_trade,crop,Maize,Production_Tonnes,FY2024/25,5241,,TCDC/Ushirika statistics (ushirika.go.tz)
agriculture_trade,crop,Maize,Value_TZS,FY2024/25,3537675000,,TCDC/Ushirika statistics (ushirika.go.tz)
agriculture_trade,crop,Maize,Value_TZS_Billions,FY2024/25,3.54,,TCDC/Ushirika statistics (ushirika.go.tz)
agriculture_trade,crop,Pyrethrum,Production_Tonnes,FY2024/25,3,,TCDC/Ushirika statistics (ushirika.go.tz)
agriculture_trade,crop,Pyrethrum,Value_TZS,FY2024/25,11100000,,TCDC/Ushirika statistics (ushirika.go.tz)
agriculture_trade,crop,Pyrethrum,Value_TZS_Billions,FY2024/25,0.01,,TCDC/Ushirika statistics (ushirika.go.tz)
agriculture_trade,crop,TOTAL,Production_Tonnes,FY2024/25,2237372.47,,TCDC/Ushirika statistics (ushirika.go.tz)
agriculture_trade,crop,TOTAL,Value_TZS,FY2024/25,4278511103303,,TCDC/Ushirika statistics (ushirika.go.tz)
agriculture_trade,crop,TOTAL,Value_TZS_Billions,FY2024/25,4278.51,,TCDC/Ushirika statistics (ushirika.go.tz)
agriculture_trade,crop,Sesame,Sales_Weight_Kg_FY2023,FY2023-FY2025,79170426,,TCDC/Ushirika statistics (ushirika.go.tz)
agriculture_trade,crop,Sesame,Sales_Value_TZS_FY2023,FY2023-FY2025,245130003228,,TCDC/Ushirika statistics (ushirika.go.tz)
agriculture_trade,crop,Sesame,Production_Tonnes_FY2025,FY2023-FY2025,145297430,,TCDC/Ushirika statistics (ushirika.go.tz)
agriculture_trade,crop,Sesame,Value_TZS_FY2025,FY2023-FY2025,534429302261,,TCDC/Ushirika statistics (ushirika.go.tz)
agriculture_trade,crop,Cashew Nuts,Sales_Weight_Kg_FY2023,FY2023-FY2025,175268966,,TCDC/Ushirika statistics (ushirika.go.tz)
agriculture_trade,crop,Cashew Nuts,Sales_Value_TZS_FY2023,FY2023-FY2025,325930188119,,TCDC/Ushirika statistics (ushirika.go.tz)
agriculture_trade,crop,Cashew Nuts,Production_Tonnes_FY2025,FY2023-FY2025,409038600,,TCDC/Ushirika statistics (ushirika.go.tz)
agriculture_trade,crop,Cashew Nuts,Value_TZS_FY2025,FY2023-FY2025,1469036244102,,TCDC/Ushirika statistics (ushirika.go.tz)
agriculture_trade,crop,Cotton,Sales_Weight_Kg_FY2023,FY2023-FY2025,174921502,,TCDC/Ushirika statistics (ushirika.go.tz)
agriculture_trade,crop,Cotton,Sales_Value_TZS_FY2023,FY2023-FY2025,313256754000,,TCDC/Ushirika statistics (ushirika.go.tz)
agriculture_trade,crop,Cotton,Production_Tonnes_FY2025,FY2023-FY2025,130644370,,TCDC/Ushirika statistics (ushirika.go.tz)
agriculture_trade,crop,Cotton,Value_TZS_FY2025,FY2023-FY2025,176369892750,,TCDC/Ushirika statistics (ushirika.go.tz)
agriculture_trade,crop,Coffee,Sales_Weight_Kg_FY2023,FY2023-FY2025,55041758,,TCDC/Ushirika statistics (ushirika.go.tz)
agriculture_trade,crop,Coffee,Sales_Value_TZS_FY2023,FY2023-FY2025,357755593782,,TCDC/Ushirika statistics (ushirika.go.tz)
agriculture_trade,crop,Coffee,Production_Tonnes_FY2025,FY2023-FY2025,53532110,,TCDC/Ushirika statistics (ushirika.go.tz)
agriculture_trade,crop,Coffee,Value_TZS_FY2025,FY2023-FY2025,605737995702,,TCDC/Ushirika statistics (ushirika.go.tz)
agriculture_trade,crop,Tobacco,Sales_Weight_Kg_FY2023,FY2023-FY2025,60874846,,TCDC/Ushirika statistics (ushirika.go.tz)
agriculture_trade,crop,Tobacco,Sales_Value_TZS_FY2023,FY2023-FY2025,250227232286,,TCDC/Ushirika statistics (ushirika.go.tz)
agriculture_trade,crop,Tobacco,Production_Tonnes_FY2025,FY2023-FY2025,117464240,,TCDC/Ushirika statistics (ushirika.go.tz)
agriculture_trade,crop,Tobacco,Value_TZS_FY2025,FY2023-FY2025,687305154482,,TCDC/Ushirika statistics (ushirika.go.tz)
agriculture_trade,crop,Cocoa,Sales_Weight_Kg_FY2023,FY2023-FY2025,8868505,,TCDC/Ushirika statistics (ushirika.go.tz)
agriculture_trade,crop,Cocoa,Sales_Value_TZS_FY2023,FY2023-FY2025,37919884675,,TCDC/Ushirika statistics (ushirika.go.tz)
agriculture_trade,crop,Cocoa,Production_Tonnes_FY2025,FY2023-FY2025,10675090,,TCDC/Ushirika statistics (ushirika.go.tz)
agriculture_trade,crop,Cocoa,Value_TZS_FY2025,FY2023-FY2025,228798028788,,TCDC/Ushirika statistics (ushirika.go.tz)
agriculture_trade,crop,Sisal,Sales_Weight_Kg_FY2023,FY2023-FY2025,2838953,,TCDC/Ushirika statistics (ushirika.go.tz)
agriculture_trade,crop,Sisal,Sales_Value_TZS_FY2023,FY2023-FY2025,9611059550,,TCDC/Ushirika statistics (ushirika.go.tz)
agriculture_trade,crop,Sisal,Production_Tonnes_FY2025,FY2023-FY2025,61215560,,TCDC/Ushirika statistics (ushirika.go.tz)
agriculture_trade,crop,Sisal,Value_TZS_FY2025,FY2023-FY2025,238740645000,,TCDC/Ushirika statistics (ushirika.go.tz)
agriculture_trade,crop,Tea,Sales_Weight_Kg_FY2023,FY2023-FY2025,13266460,,TCDC/Ushirika statistics (ushirika.go.tz)
agriculture_trade,crop,Tea,Sales_Value_TZS_FY2023,FY2023-FY2025,87451210873,,TCDC/Ushirika statistics (ushirika.go.tz)
agriculture_trade,crop,Tea,Production_Tonnes_FY2025,FY2023-FY2025,24825000,,TCDC/Ushirika statistics (ushirika.go.tz)
agriculture_trade,crop,Tea,Value_TZS_FY2025,FY2023-FY2025,9085950,,TCDC/Ushirika statistics (ushirika.go.tz)
agriculture_trade,crop,Pigeon Peas,Sales_Weight_Kg_FY2023,FY2023-FY2025,5431983,,TCDC/Ushirika statistics (ushirika.go.tz)
agriculture_trade,crop,Pigeon Peas,Sales_Value_TZS_FY2023,FY2023-FY2025,4420536587,,TCDC/Ushirika statistics (ushirika.go.tz)
agriculture_trade,crop,Pigeon Peas,Production_Tonnes_FY2025,FY2023-FY2025,96044450,,TCDC/Ushirika statistics (ushirika.go.tz)
agriculture_trade,crop,Pigeon Peas,Value_TZS_FY2025,FY2023-FY2025,190803447143,,TCDC/Ushirika statistics (ushirika.go.tz)
agriculture_trade,crop,Soybeans,Sales_Weight_Kg_FY2023,FY2023-FY2025,5152290,,TCDC/Ushirika statistics (ushirika.go.tz)
agriculture_trade,crop,Soybeans,Sales_Value_TZS_FY2023,FY2023-FY2025,6267650000,,TCDC/Ushirika statistics (ushirika.go.tz)
agriculture_trade,crop,Soybeans,Production_Tonnes_FY2025,FY2023-FY2025,1204200,,TCDC/Ushirika statistics (ushirika.go.tz)
agriculture_trade,crop,Soybeans,Value_TZS_FY2025,FY2023-FY2025,1812093471,,TCDC/Ushirika statistics (ushirika.go.tz)
agriculture_trade,crop,Sugar Cane,Sales_Weight_Kg_FY2023,FY2023-FY2025,1243664000,,TCDC/Ushirika statistics (ushirika.go.tz)
agriculture_trade,crop,Sugar Cane,Sales_Value_TZS_FY2023,FY2023-FY2025,109321853560,,TCDC/Ushirika statistics (ushirika.go.tz)
agriculture_trade,crop,Sugar Cane,Production_Tonnes_FY2025,FY2023-FY2025,1159237910,,TCDC/Ushirika statistics (ushirika.go.tz)
agriculture_trade,crop,Sugar Cane,Value_TZS_FY2025,FY2023-FY2025,98013413050,,TCDC/Ushirika statistics (ushirika.go.tz)
finance_access,region,Arusha,Registered_SACCOS,Sep-2021,183,,TCDC/Ushirika statistics (ushirika.go.tz)
finance_access,region,Arusha,Licensed_SACCOS,Sep-2021,68,,TCDC/Ushirika statistics (ushirika.go.tz)
finance_access,region,Arusha,License_Rate_Pct,Sep-2021,37,,TCDC/Ushirika statistics (ushirika.go.tz)
finance_access,region,Arusha,Share_Capital_Millions_TZS,Sep-2021,9198.84,,TCDC/Ushirika statistics (ushirika.go.tz)
finance_access,region,Arusha,Savings_Millions_TZS,Sep-2021,28783.6,,TCDC/Ushirika statistics (ushirika.go.tz)
finance_access,region,Arusha,Deposits_Millions_TZS,Sep-2021,1418.37,,TCDC/Ushirika statistics (ushirika.go.tz)
finance_access,region,Arusha,Loans_Issued_Millions_TZS,Sep-2021,26872.1,,TCDC/Ushirika statistics (ushirika.go.tz)
finance_access,region,Dar es Salaam,Registered_SACCOS,Sep-2021,806,,TCDC/Ushirika statistics (ushirika.go.tz)
finance_access,region,Dar es Salaam,Licensed_SACCOS,Sep-2021,159,,TCDC/Ushirika statistics (ushirika.go.tz)
finance_access,region,Dar es Salaam,License_Rate_Pct,Sep-2021,20,,TCDC/Ushirika statistics (ushirika.go.tz)
finance_access,region,Dar es Salaam,Share_Capital_Millions_TZS,Sep-2021,76385.96,,TCDC/Ushirika statistics (ushirika.go.tz)
finance_access,region,Dar es Salaam,Savings_Millions_TZS,Sep-2021,364352.78,,TCDC/Ushirika statistics (ushirika.go.tz)
finance_access,region,Dar es Salaam,Deposits_Millions_TZS,Sep-2021,11077.7,,TCDC/Ushirika statistics (ushirika.go.tz)
finance_access,region,Dar es Salaam,Loans_Issued_Millions_TZS,Sep-2021,396177.64,,TCDC/Ushirika statistics (ushirika.go.tz)
finance_access,region,Dodoma,Registered_SACCOS,Sep-2021,159,,TCDC/Ushirika statistics (ushirika.go.tz)
finance_access,region,Dodoma,Licensed_SACCOS,Sep-2021,25,,TCDC/Ushirika statistics (ushirika.go.tz)
finance_access,region,Dodoma,License_Rate_Pct,Sep-2021,16,,TCDC/Ushirika statistics (ushirika.go.tz)
finance_access,region,Dodoma,Share_Capital_Millions_TZS,Sep-2021,4286.67,,TCDC/Ushirika statistics (ushirika.go.tz)
finance_access,region,Dodoma,Savings_Millions_TZS,Sep-2021,8224.51,,TCDC/Ushirika statistics (ushirika.go.tz)
finance_access,region,Dodoma,Deposits_Millions_TZS,Sep-2021,1750.46,,TCDC/Ushirika statistics (ushirika.go.tz)
finance_access,region,Dodoma,Loans_Issued_Millions_TZS,Sep-2021,11028.44,,TCDC/Ushirika statistics (ushirika.go.tz)
finance_access,region,Geita,Registered_SACCOS,Sep-2021,266,,TCDC/Ushirika statistics (ushirika.go.tz)
finance_access,region,Geita,Licensed_SACCOS,Sep-2021,4,,TCDC/Ushirika statistics (ushirika.go.tz)
finance_access,region,Geita,License_Rate_Pct,Sep-2021,2,,TCDC/Ushirika statistics (ushirika.go.tz)
finance_access,region,Geita,Share_Capital_Millions_TZS,Sep-2021,1163.04,,TCDC/Ushirika statistics (ushirika.go.tz)
finance_access,region,Geita,Savings_Millions_TZS,Sep-2021,1137.4,,TCDC/Ushirika statistics (ushirika.go.tz)
finance_access,region,Geita,Deposits_Millions_TZS,Sep-2021,520.65,,TCDC/Ushirika statistics (ushirika.go.tz)
finance_access,region,Geita,Loans_Issued_Millions_TZS,Sep-2021,1016.61,,TCDC/Ushirika statistics (ushirika.go.tz)
finance_access,region,Iringa,Registered_SACCOS,Sep-2021,110,,TCDC/Ushirika statistics (ushirika.go.tz)
finance_access,region,Iringa,Licensed_SACCOS,Sep-2021,24,,TCDC/Ushirika statistics (ushirika.go.tz)
finance_access,region,Iringa,License_Rate_Pct,Sep-2021,22,,TCDC/Ushirika statistics (ushirika.go.tz)
finance_access,region,Iringa,Share_Capital_Millions_TZS,Sep-2021,4154.77,,TCDC/Ushirika statistics (ushirika.go.tz)
finance_access,region,Iringa,Savings_Millions_TZS,Sep-2021,7047.07,,TCDC/Ushirika statistics (ushirika.go.tz)
finance_access,region,Iringa,Deposits_Millions_TZS,Sep-2021,1376.12,,TCDC/Ushirika statistics (ushirika.go.tz)
finance_access,region,Iringa,Loans_Issued_Millions_TZS,Sep-2021,7372.68,,TCDC/Ushirika statistics (ushirika.go.tz)
finance_access,region,Kagera,Registered_SACCOS,Sep-2021,187,,TCDC/Ushirika statistics (ushirika.go.tz)
finance_access,region,Kagera,Licensed_SACCOS,Sep-2021,23,,TCDC/Ushirika statistics (ushirika.go.tz)
finance_access,region,Kagera,License_Rate_Pct,Sep-2021,12,,TCDC/Ushirika statistics (ushirika.go.tz)
finance_access,region,Kagera,Share_Capital_Millions_TZS,Sep-2021,5363.64,,TCDC/Ushirika statistics (ushirika.go.tz)
finance_access,region,Kagera,Savings_Millions_TZS,Sep-2021,6756.17,,TCDC/Ushirika statistics (ushirika.go.tz)
finance_access,region,Kagera,Deposits_Millions_TZS,Sep-2021,985.18,,TCDC/Ushirika statistics (ushirika.go.tz)
finance_access,region,Kagera,Loans_Issued_Millions_TZS,Sep-2021,12588.92,,TCDC/Ushirika statistics (ushirika.go.tz)
finance_access,region,Katavi,Registered_SACCOS,Sep-2021,26,,TCDC/Ushirika statistics (ushirika.go.tz)
finance_access,region,Katavi,Licensed_SACCOS,Sep-2021,2,,TCDC/Ushirika statistics (ushirika.go.tz)
finance_access,region,Katavi,License_Rate_Pct,Sep-2021,8,,TCDC/Ushirika statistics (ushirika.go.tz)
finance_access,region,Katavi,Share_Capital_Millions_TZS,Sep-2021,49.41,,TCDC/Ushirika statistics (ushirika.go.tz)
finance_access,region,Katavi,Savings_Millions_TZS,Sep-2021,345.72,,TCDC/Ushirika statistics (ushirika.go.tz)
finance_access,region,Katavi,Deposits_Millions_TZS,Sep-2021,0.09,,TCDC/Ushirika statistics (ushirika.go.tz)
finance_access,region,Katavi,Loans_Issued_Millions_TZS,Sep-2021,425.24,,TCDC/Ushirika statistics (ushirika.go.tz)
finance_access,region,Kigoma,Registered_SACCOS,Sep-2021,94,,TCDC/Ushirika statistics (ushirika.go.tz)
finance_access,region,Kigoma,Licensed_SACCOS,Sep-2021,3,,TCDC/Ushirika statistics (ushirika.go.tz)
finance_access,region,Kigoma,License_Rate_Pct,Sep-2021,3,,TCDC/Ushirika statistics (ushirika.go.tz)
finance_access,region,Kigoma,Share_Capital_Millions_TZS,Sep-2021,44.82,,TCDC/Ushirika statistics (ushirika.go.tz)
finance_access,region,Kigoma,Savings_Millions_TZS,Sep-2021,202.14,,TCDC/Ushirika statistics (ushirika.go.tz)
finance_access,region,Kigoma,Deposits_Millions_TZS,Sep-2021,0.52,,TCDC/Ushirika statistics (ushirika.go.tz)
finance_access,region,Kigoma,Loans_Issued_Millions_TZS,Sep-2021,184.73,,TCDC/Ushirika statistics (ushirika.go.tz)
finance_access,region,Kilimanjaro,Registered_SACCOS,Sep-2021,244,,TCDC/Ushirika statistics (ushirika.go.tz)
finance_access,region,Kilimanjaro,Licensed_SACCOS,Sep-2021,36,,TCDC/Ushirika statistics (ushirika.go.tz)
finance_access,region,Kilimanjaro,License_Rate_Pct,Sep-2021,15,,TCDC/Ushirika statistics (ushirika.go.tz)
finance_access,region,Kilimanjaro,Share_Capital_Millions_TZS,Sep-2021,9372.62,,TCDC/Ushirika statistics (ushirika.go.tz)
finance_access,region,Kilimanjaro,Savings_Millions_TZS,Sep-2021,43271.51,,TCDC/Ushirika statistics (ushirika.go.tz)
finance_access,region,Kilimanjaro,Deposits_Millions_TZS,Sep-2021,8900.03,,TCDC/Ushirika statistics (ushirika.go.tz)
finance_access,region,Kilimanjaro,Loans_Issued_Millions_TZS,Sep-2021,39105.79,,TCDC/Ushirika statistics (ushirika.go.tz)
finance_access,region,Lindi,Registered_SACCOS,Sep-2021,26,,TCDC/Ushirika statistics (ushirika.go.tz)
finance_access,region,Lindi,Licensed_SACCOS,Sep-2021,3,,TCDC/Ushirika statistics (ushirika.go.tz)
finance_access,region,Lindi,License_Rate_Pct,Sep-2021,12,,TCDC/Ushirika statistics (ushirika.go.tz)
finance_access,region,Lindi,Share_Capital_Millions_TZS,Sep-2021,670.93,,TCDC/Ushirika statistics (ushirika.go.tz)
finance_access,region,Lindi,Savings_Millions_TZS,Sep-2021,1093.71,,TCDC/Ushirika statistics (ushirika.go.tz)
finance_access,region,Lindi,Deposits_Millions_TZS,Sep-2021,321.25,,TCDC/Ushirika statistics (ushirika.go.tz)
finance_access,region,Lindi,Loans_Issued_Millions_TZS,Sep-2021,1214.85,,TCDC/Ushirika statistics (ushirika.go.tz)
finance_access,region,Manyara,Registered_SACCOS,Sep-2021,79,,TCDC/Ushirika statistics (ushirika.go.tz)
finance_access,region,Manyara,Licensed_SACCOS,Sep-2021,14,,TCDC/Ushirika statistics (ushirika.go.tz)
finance_access,region,Manyara,License_Rate_Pct,Sep-2021,18,,TCDC/Ushirika statistics (ushirika.go.tz)
finance_access,region,Manyara,Share_Capital_Millions_TZS,Sep-2021,1276.6,,TCDC/Ushirika statistics (ushirika.go.tz)
finance_access,region,Manyara,Savings_Millions_TZS,Sep-2021,781.21,,TCDC/Ushirika statistics (ushirika.go.tz)
finance_access,region,Manyara,Deposits_Millions_TZS,Sep-2021,538.04,,TCDC/Ushirika statistics (ushirika.go.tz)
finance_access,region,Manyara,Loans_Issued_Millions_TZS,Sep-2021,3175.12,,TCDC/Ushirika statistics (ushirika.go.tz)
finance_access,region,Mara,Registered_SACCOS,Sep-2021,94,,TCDC/Ushirika statistics (ushirika.go.tz)
finance_access,region,Mara,Licensed_SACCOS,Sep-2021,12,,TCDC/Ushirika statistics (ushirika.go.tz)
finance_access,region,Mara,License_Rate_Pct,Sep-2021,13,,TCDC/Ushirika statistics (ushirika.go.tz)
finance_access,region,Mara,Share_Capital_Millions_TZS,Sep-2021,2305.16,,TCDC/Ushirika statistics (ushirika.go.tz)
finance_access,region,Mara,Savings_Millions_TZS,Sep-2021,1450.52,,TCDC/Ushirika statistics (ushirika.go.tz)
finance_access,region,Mara,Deposits_Millions_TZS,Sep-2021,555.3,,TCDC/Ushirika statistics (ushirika.go.tz)
finance_access,region,Mara,Loans_Issued_Millions_TZS,Sep-2021,3322.33,,TCDC/Ushirika statistics (ushirika.go.tz)
finance_access,region,Mbeya,Registered_SACCOS,Sep-2021,171,,TCDC/Ushirika statistics (ushirika.go.tz)
finance_access,region,Mbeya,Licensed_SACCOS,Sep-2021,39,,TCDC/Ushirika statistics (ushirika.go.tz)
finance_access,region,Mbeya,License_Rate_Pct,Sep-2021,23,,TCDC/Ushirika statistics (ushirika.go.tz)
finance_access,region,Mbeya,Share_Capital_Millions_TZS,Sep-2021,17624.48,,TCDC/Ushirika statistics (ushirika.go.tz)
finance_access,region,Mbeya,Savings_Millions_TZS,Sep-2021,21856.71,,TCDC/Ushirika statistics (ushirika.go.tz)
finance_access,region,Mbeya,Deposits_Millions_TZS,Sep-2021,5887.7,,TCDC/Ushirika statistics (ushirika.go.tz)
finance_access,region,Mbeya,Loans_Issued_Millions_TZS,Sep-2021,25773.68,,TCDC/Ushirika statistics (ushirika.go.tz)
finance_access,region,Morogoro,Registered_SACCOS,Sep-2021,141,,TCDC/Ushirika statistics (ushirika.go.tz)
finance_access,region,Morogoro,Licensed_SACCOS,Sep-2021,26,,TCDC/Ushirika statistics (ushirika.go.tz)
finance_access,region,Morogoro,License_Rate_Pct,Sep-2021,18,,TCDC/Ushirika statistics (ushirika.go.tz)
finance_access,region,Morogoro,Share_Capital_Millions_TZS,Sep-2021,5499.85,,TCDC/Ushirika statistics (ushirika.go.tz)
finance_access,region,Morogoro,Savings_Millions_TZS,Sep-2021,8217.97,,TCDC/Ushirika statistics (ushirika.go.tz)
finance_access,region,Morogoro,Deposits_Millions_TZS,Sep-2021,1742.6,,TCDC/Ushirika statistics (ushirika.go.tz)
finance_access,region,Morogoro,Loans_Issued_Millions_TZS,Sep-2021,7199.74,,TCDC/Ushirika statistics (ushirika.go.tz)
finance_access,region,Mtwara,Registered_SACCOS,Sep-2021,69,,TCDC/Ushirika statistics (ushirika.go.tz)
finance_access,region,Mtwara,Licensed_SACCOS,Sep-2021,2,,TCDC/Ushirika statistics (ushirika.go.tz)
finance_access,region,Mtwara,License_Rate_Pct,Sep-2021,3,,TCDC/Ushirika statistics (ushirika.go.tz)
finance_access,region,Mtwara,Share_Capital_Millions_TZS,Sep-2021,201.47,,TCDC/Ushirika statistics (ushirika.go.tz)
finance_access,region,Mtwara,Savings_Millions_TZS,Sep-2021,230.47,,TCDC/Ushirika statistics (ushirika.go.tz)
finance_access,region,Mtwara,Deposits_Millions_TZS,Sep-2021,-0.42,,TCDC/Ushirika statistics (ushirika.go.tz)
finance_access,region,Mtwara,Loans_Issued_Millions_TZS,Sep-2021,305.7,,TCDC/Ushirika statistics (ushirika.go.tz)
finance_access,region,Mwanza,Registered_SACCOS,Sep-2021,143,,TCDC/Ushirika statistics (ushirika.go.tz)
finance_access,region,Mwanza,Licensed_SACCOS,Sep-2021,17,,TCDC/Ushirika statistics (ushirika.go.tz)
finance_access,region,Mwanza,License_Rate_Pct,Sep-2021,12,,TCDC/Ushirika statistics (ushirika.go.tz)
finance_access,region,Mwanza,Share_Capital_Millions_TZS,Sep-2021,3517.16,,TCDC/Ushirika statistics (ushirika.go.tz)
finance_access,region,Mwanza,Savings_Millions_TZS,Sep-2021,4419.99,,TCDC/Ushirika statistics (ushirika.go.tz)
finance_access,region,Mwanza,Deposits_Millions_TZS,Sep-2021,490.23,,TCDC/Ushirika statistics (ushirika.go.tz)
finance_access,region,Mwanza,Loans_Issued_Millions_TZS,Sep-2021,2518.35,,TCDC/Ushirika statistics (ushirika.go.tz)
finance_access,region,Njombe,Registered_SACCOS,Sep-2021,108,,TCDC/Ushirika statistics (ushirika.go.tz)
finance_access,region,Njombe,Licensed_SACCOS,Sep-2021,15,,TCDC/Ushirika statistics (ushirika.go.tz)
finance_access,region,Njombe,License_Rate_Pct,Sep-2021,14,,TCDC/Ushirika statistics (ushirika.go.tz)
finance_access,region,Njombe,Share_Capital_Millions_TZS,Sep-2021,1384.55,,TCDC/Ushirika statistics (ushirika.go.tz)
finance_access,region,Njombe,Savings_Millions_TZS,Sep-2021,2933.55,,TCDC/Ushirika statistics (ushirika.go.tz)
finance_access,region,Njombe,Deposits_Millions_TZS,Sep-2021,2228.91,,TCDC/Ushirika statistics (ushirika.go.tz)
finance_access,region,Njombe,Loans_Issued_Millions_TZS,Sep-2021,12761.72,,TCDC/Ushirika statistics (ushirika.go.tz)
finance_access,region,Pwani,Registered_SACCOS,Sep-2021,98,,TCDC/Ushirika statistics (ushirika.go.tz)
finance_access,region,Pwani,Licensed_SACCOS,Sep-2021,11,,TCDC/Ushirika statistics (ushirika.go.tz)
finance_access,region,Pwani,License_Rate_Pct,Sep-2021,11,,TCDC/Ushirika statistics (ushirika.go.tz)
finance_access,region,Pwani,Share_Capital_Millions_TZS,Sep-2021,1958.41,,TCDC/Ushirika statistics (ushirika.go.tz)
finance_access,region,Pwani,Savings_Millions_TZS,Sep-2021,6050.14,,TCDC/Ushirika statistics (ushirika.go.tz)
finance_access,region,Pwani,Deposits_Millions_TZS,Sep-2021,188.75,,TCDC/Ushirika statistics (ushirika.go.tz)
finance_access,region,Pwani,Loans_Issued_Millions_TZS,Sep-2021,7030.74,,TCDC/Ushirika statistics (ushirika.go.tz)
finance_access,region,Rukwa,Registered_SACCOS,Sep-2021,97,,TCDC/Ushirika statistics (ushirika.go.tz)
finance_access,region,Rukwa,Licensed_SACCOS,Sep-2021,5,,TCDC/Ushirika statistics (ushirika.go.tz)
finance_access,region,Rukwa,License_Rate_Pct,Sep-2021,5,,TCDC/Ushirika statistics (ushirika.go.tz)
finance_access,region,Rukwa,Share_Capital_Millions_TZS,Sep-2021,663.32,,TCDC/Ushirika statistics (ushirika.go.tz)
finance_access,region,Rukwa,Savings_Millions_TZS,Sep-2021,838.44,,TCDC/Ushirika statistics (ushirika.go.tz)
finance_access,region,Rukwa,Deposits_Millions_TZS,Sep-2021,14.33,,TCDC/Ushirika statistics (ushirika.go.tz)
finance_access,region,Rukwa,Loans_Issued_Millions_TZS,Sep-2021,509.73,,TCDC/Ushirika statistics (ushirika.go.tz)
finance_access,region,Ruvuma,Registered_SACCOS,Sep-2021,84,,TCDC/Ushirika statistics (ushirika.go.tz)
finance_access,region,Ruvuma,Licensed_SACCOS,Sep-2021,11,,TCDC/Ushirika statistics (ushirika.go.tz)
finance_access,region,Ruvuma,License_Rate_Pct,Sep-2021,13,,TCDC/Ushirika statistics (ushirika.go.tz)
finance_access,region,Ruvuma,Share_Capital_Millions_TZS,Sep-2021,1379.32,,TCDC/Ushirika statistics (ushirika.go.tz)
finance_access,region,Ruvuma,Savings_Millions_TZS,Sep-2021,2349.86,,TCDC/Ushirika statistics (ushirika.go.tz)
finance_access,region,Ruvuma,Deposits_Millions_TZS,Sep-2021,818.51,,TCDC/Ushirika statistics (ushirika.go.tz)
finance_access,region,Ruvuma,Loans_Issued_Millions_TZS,Sep-2021,2143.53,,TCDC/Ushirika statistics (ushirika.go.tz)
finance_access,region,Shinyanga,Registered_SACCOS,Sep-2021,256,,TCDC/Ushirika statistics (ushirika.go.tz)
finance_access,region,Shinyanga,Licensed_SACCOS,Sep-2021,9,,TCDC/Ushirika statistics (ushirika.go.tz)
finance_access,region,Shinyanga,License_Rate_Pct,Sep-2021,4,,TCDC/Ushirika statistics (ushirika.go.tz)
finance_access,region,Shinyanga,Share_Capital_Millions_TZS,Sep-2021,1622.43,,TCDC/Ushirika statistics (ushirika.go.tz)
finance_access,region,Shinyanga,Savings_Millions_TZS,Sep-2021,1457.43,,TCDC/Ushirika statistics (ushirika.go.tz)
finance_access,region,Shinyanga,Deposits_Millions_TZS,Sep-2021,125.22,,TCDC/Ushirika statistics (ushirika.go.tz)
finance_access,region,Shinyanga,Loans_Issued_Millions_TZS,Sep-2021,1228.82,,TCDC/Ushirika statistics (ushirika.go.tz)
finance_access,region,Simiyu,Registered_SACCOS,Sep-2021,41,,TCDC/Ushirika statistics (ushirika.go.tz)
finance_access,region,Simiyu,Licensed_SACCOS,Sep-2021,1,,TCDC/Ushirika statistics (ushirika.go.tz)
finance_access,region,Simiyu,License_Rate_Pct,Sep-2021,2,,TCDC/Ushirika statistics (ushirika.go.tz)
finance_access,region,Simiyu,Share_Capital_Millions_TZS,Sep-2021,112.33,,TCDC/Ushirika statistics (ushirika.go.tz)
finance_access,region,Simiyu,Savings_Millions_TZS,Sep-2021,540.28,,TCDC/Ushirika statistics (ushirika.go.tz)
finance_access,region,Simiyu,Deposits_Millions_TZS,Sep-2021,0,,TCDC/Ushirika statistics (ushirika.go.tz)
finance_access,region,Simiyu,Loans_Issued_Millions_TZS,Sep-2021,15.7,,TCDC/Ushirika statistics (ushirika.go.tz)
finance_access,region,Singida,Registered_SACCOS,Sep-2021,110,,TCDC/Ushirika statistics (ushirika.go.tz)
finance_access,region,Singida,Licensed_SACCOS,Sep-2021,5,,TCDC/Ushirika statistics (ushirika.go.tz)
finance_access,region,Singida,License_Rate_Pct,Sep-2021,5,,TCDC/Ushirika statistics (ushirika.go.tz)
finance_access,region,Singida,Share_Capital_Millions_TZS,Sep-2021,390.58,,TCDC/Ushirika statistics (ushirika.go.tz)
finance_access,region,Singida,Savings_Millions_TZS,Sep-2021,974.2,,TCDC/Ushirika statistics (ushirika.go.tz)
finance_access,region,Singida,Deposits_Millions_TZS,Sep-2021,15.98,,TCDC/Ushirika statistics (ushirika.go.tz)
finance_access,region,Singida,Loans_Issued_Millions_TZS,Sep-2021,1544.41,,TCDC/Ushirika statistics (ushirika.go.tz)
finance_access,region,Songwe,Registered_SACCOS,Sep-2021,30,,TCDC/Ushirika statistics (ushirika.go.tz)
finance_access,region,Songwe,Licensed_SACCOS,Sep-2021,3,,TCDC/Ushirika statistics (ushirika.go.tz)
finance_access,region,Songwe,License_Rate_Pct,Sep-2021,10,,TCDC/Ushirika statistics (ushirika.go.tz)
finance_access,region,Songwe,Share_Capital_Millions_TZS,Sep-2021,226.49,,TCDC/Ushirika statistics (ushirika.go.tz)
finance_access,region,Songwe,Savings_Millions_TZS,Sep-2021,1150.5,,TCDC/Ushirika statistics (ushirika.go.tz)
finance_access,region,Songwe,Deposits_Millions_TZS,Sep-2021,11.2,,TCDC/Ushirika statistics (ushirika.go.tz)
finance_access,region,Songwe,Loans_Issued_Millions_TZS,Sep-2021,1024.89,,TCDC/Ushirika statistics (ushirika.go.tz)
finance_access,region,Tabora,Registered_SACCOS,Sep-2021,180,,TCDC/Ushirika statistics (ushirika.go.tz)
finance_access,region,Tabora,Licensed_SACCOS,Sep-2021,1,,TCDC/Ushirika statistics (ushirika.go.tz)
finance_access,region,Tabora,License_Rate_Pct,Sep-2021,1,,TCDC/Ushirika statistics (ushirika.go.tz)
finance_access,region,Tabora,Share_Capital_Millions_TZS,Sep-2021,146.71,,TCDC/Ushirika statistics (ushirika.go.tz)
finance_access,region,Tabora,Savings_Millions_TZS,Sep-2021,39.9,,TCDC/Ushirika statistics (ushirika.go.tz)
finance_access,region,Tabora,Deposits_Millions_TZS,Sep-2021,0,,TCDC/Ushirika statistics (ushirika.go.tz)
finance_access,region,Tabora,Loans_Issued_Millions_TZS,Sep-2021,13.29,,TCDC/Ushirika statistics (ushirika.go.tz)
finance_access,region,Tanga,Registered_SACCOS,Sep-2021,144,,TCDC/Ushirika statistics (ushirika.go.tz)
finance_access,region,Tanga,Licensed_SACCOS,Sep-2021,15,,TCDC/Ushirika statistics (ushirika.go.tz)
finance_access,region,Tanga,License_Rate_Pct,Sep-2021,10,,TCDC/Ushirika statistics (ushirika.go.tz)
finance_access,region,Tanga,Share_Capital_Millions_TZS,Sep-2021,2465.26,,TCDC/Ushirika statistics (ushirika.go.tz)
finance_access,region,Tanga,Savings_Millions_TZS,Sep-2021,4010.76,,TCDC/Ushirika statistics (ushirika.go.tz)
finance_access,region,Tanga,Deposits_Millions_TZS,Sep-2021,781.74,,TCDC/Ushirika statistics (ushirika.go.tz)
finance_access,region,Tanga,Loans_Issued_Millions_TZS,Sep-2021,7548.58,,TCDC/Ushirika statistics (ushirika.go.tz)
finance_access,region,TOTAL,Registered_SACCOS,Sep-2021,3946,,TCDC/Ushirika statistics (ushirika.go.tz)
finance_access,region,TOTAL,Licensed_SACCOS,Sep-2021,533,,TCDC/Ushirika statistics (ushirika.go.tz)
finance_access,region,TOTAL,License_Rate_Pct,Sep-2021,14,,TCDC/Ushirika statistics (ushirika.go.tz)
finance_access,region,TOTAL,Share_Capital_Millions_TZS,Sep-2021,151464.81,,TCDC/Ushirika statistics (ushirika.go.tz)
finance_access,region,TOTAL,Savings_Millions_TZS,Sep-2021,518516.53,,TCDC/Ushirika statistics (ushirika.go.tz)
finance_access,region,TOTAL,Deposits_Millions_TZS,Sep-2021,39748.47,,TCDC/Ushirika statistics (ushirika.go.tz)
finance_access,region,TOTAL,Loans_Issued_Millions_TZS,Sep-2021,572103.3,,TCDC/Ushirika statistics (ushirika.go.tz)
impact_employment,national,Dec 2022,Permanent_Employees,Dec 2022,38209,,TCDC/Ushirika statistics (ushirika.go.tz)
impact_employment,national,Dec 2022,Casual_Employees,Dec 2022,108346,,TCDC/Ushirika statistics (ushirika.go.tz)
impact_employment,national,Dec 2022,Total_Employment,Dec 2022,146555,,TCDC/Ushirika statistics (ushirika.go.tz)
impact_employment,national,Dec 2023,Permanent_Employees,Dec 2023,43096,,TCDC/Ushirika statistics (ushirika.go.tz)
impact_employment,national,Dec 2023,Casual_Employees,Dec 2023,110886,,TCDC/Ushirika statistics (ushirika.go.tz)
impact_employment,national,Dec 2023,Total_Employment,Dec 2023,153982,,TCDC/Ushirika statistics (ushirika.go.tz)
impact_employment,national,Dec 2023,Change_Pct,Dec 2023,5.1,,TCDC/Ushirika statistics (ushirika.go.tz)
impact_employment,national,Change,Permanent_Employees,Change,4887,,TCDC/Ushirika statistics (ushirika.go.tz)
impact_employment,national,Change,Casual_Employees,Change,2540,,TCDC/Ushirika statistics (ushirika.go.tz)
impact_employment,national,Change,Total_Employment,Change,7427,,TCDC/Ushirika statistics (ushirika.go.tz)
impact_employment,region,Arusha,Permanent_Employees,Dec-2023,1033,,TCDC/Ushirika statistics (ushirika.go.tz)
impact_employment,region,Arusha,Casual_Employees,Dec-2023,801,,TCDC/Ushirika statistics (ushirika.go.tz)
impact_employment,region,Arusha,Total_Jobs,Dec-2023,1834,,TCDC/Ushirika statistics (ushirika.go.tz)
impact_employment,region,Arusha,Change_from_Dec2022,Dec-2023,174,,TCDC/Ushirika statistics (ushirika.go.tz)
impact_employment,region,Dar es Salaam,Permanent_Employees,Dec-2023,3965,,TCDC/Ushirika statistics (ushirika.go.tz)
impact_employment,region,Dar es Salaam,Casual_Employees,Dec-2023,56,,TCDC/Ushirika statistics (ushirika.go.tz)
impact_employment,region,Dar es Salaam,Total_Jobs,Dec-2023,4021,,TCDC/Ushirika statistics (ushirika.go.tz)
impact_employment,region,Dar es Salaam,Change_from_Dec2022,Dec-2023,404,,TCDC/Ushirika statistics (ushirika.go.tz)
impact_employment,region,Dodoma,Permanent_Employees,Dec-2023,636,,TCDC/Ushirika statistics (ushirika.go.tz)
impact_employment,region,Dodoma,Casual_Employees,Dec-2023,34,,TCDC/Ushirika statistics (ushirika.go.tz)
impact_employment,region,Dodoma,Total_Jobs,Dec-2023,670,,TCDC/Ushirika statistics (ushirika.go.tz)
impact_employment,region,Dodoma,Change_from_Dec2022,Dec-2023,69,,TCDC/Ushirika statistics (ushirika.go.tz)
impact_employment,region,Geita,Permanent_Employees,Dec-2023,3431,,TCDC/Ushirika statistics (ushirika.go.tz)
impact_employment,region,Geita,Casual_Employees,Dec-2023,19920,,TCDC/Ushirika statistics (ushirika.go.tz)
impact_employment,region,Geita,Total_Jobs,Dec-2023,23351,,TCDC/Ushirika statistics (ushirika.go.tz)
impact_employment,region,Geita,Change_from_Dec2022,Dec-2023,480,,TCDC/Ushirika statistics (ushirika.go.tz)
impact_employment,region,Iringa,Permanent_Employees,Dec-2023,872,,TCDC/Ushirika statistics (ushirika.go.tz)
impact_employment,region,Iringa,Casual_Employees,Dec-2023,152,,TCDC/Ushirika statistics (ushirika.go.tz)
impact_employment,region,Iringa,Total_Jobs,Dec-2023,1024,,TCDC/Ushirika statistics (ushirika.go.tz)
impact_employment,region,Iringa,Change_from_Dec2022,Dec-2023,158,,TCDC/Ushirika statistics (ushirika.go.tz)
impact_employment,region,Kagera,Permanent_Employees,Dec-2023,3384,,TCDC/Ushirika statistics (ushirika.go.tz)
impact_employment,region,Kagera,Casual_Employees,Dec-2023,30916,,TCDC/Ushirika statistics (ushirika.go.tz)
impact_employment,region,Kagera,Total_Jobs,Dec-2023,34300,,TCDC/Ushirika statistics (ushirika.go.tz)
impact_employment,region,Kagera,Change_from_Dec2022,Dec-2023,1318,,TCDC/Ushirika statistics (ushirika.go.tz)
impact_employment,region,Katavi,Permanent_Employees,Dec-2023,661,,TCDC/Ushirika statistics (ushirika.go.tz)
impact_employment,region,Katavi,Casual_Employees,Dec-2023,642,,TCDC/Ushirika statistics (ushirika.go.tz)
impact_employment,region,Katavi,Total_Jobs,Dec-2023,1303,,TCDC/Ushirika statistics (ushirika.go.tz)
impact_employment,region,Katavi,Change_from_Dec2022,Dec-2023,-662,,TCDC/Ushirika statistics (ushirika.go.tz)
impact_employment,region,Kigoma,Permanent_Employees,Dec-2023,888,,TCDC/Ushirika statistics (ushirika.go.tz)
impact_employment,region,Kigoma,Casual_Employees,Dec-2023,870,,TCDC/Ushirika statistics (ushirika.go.tz)
impact_employment,region,Kigoma,Total_Jobs,Dec-2023,1758,,TCDC/Ushirika statistics (ushirika.go.tz)
impact_employment,region,Kigoma,Change_from_Dec2022,Dec-2023,-717,,TCDC/Ushirika statistics (ushirika.go.tz)
impact_employment,region,Kilimanjaro,Permanent_Employees,Dec-2023,2449,,TCDC/Ushirika statistics (ushirika.go.tz)
impact_employment,region,Kilimanjaro,Casual_Employees,Dec-2023,354,,TCDC/Ushirika statistics (ushirika.go.tz)
impact_employment,region,Kilimanjaro,Total_Jobs,Dec-2023,2803,,TCDC/Ushirika statistics (ushirika.go.tz)
impact_employment,region,Kilimanjaro,Change_from_Dec2022,Dec-2023,449,,TCDC/Ushirika statistics (ushirika.go.tz)
impact_employment,region,Lindi,Permanent_Employees,Dec-2023,4852,,TCDC/Ushirika statistics (ushirika.go.tz)
impact_employment,region,Lindi,Casual_Employees,Dec-2023,6328,,TCDC/Ushirika statistics (ushirika.go.tz)
impact_employment,region,Lindi,Total_Jobs,Dec-2023,11180,,TCDC/Ushirika statistics (ushirika.go.tz)
impact_employment,region,Lindi,Change_from_Dec2022,Dec-2023,954,,TCDC/Ushirika statistics (ushirika.go.tz)
impact_employment,region,Manyara,Permanent_Employees,Dec-2023,218,,TCDC/Ushirika statistics (ushirika.go.tz)
impact_employment,region,Manyara,Casual_Employees,Dec-2023,220,,TCDC/Ushirika statistics (ushirika.go.tz)
impact_employment,region,Manyara,Total_Jobs,Dec-2023,438,,TCDC/Ushirika statistics (ushirika.go.tz)
impact_employment,region,Manyara,Change_from_Dec2022,Dec-2023,-19,,TCDC/Ushirika statistics (ushirika.go.tz)
impact_employment,region,Mara,Permanent_Employees,Dec-2023,442,,TCDC/Ushirika statistics (ushirika.go.tz)
impact_employment,region,Mara,Casual_Employees,Dec-2023,455,,TCDC/Ushirika statistics (ushirika.go.tz)
impact_employment,region,Mara,Total_Jobs,Dec-2023,897,,TCDC/Ushirika statistics (ushirika.go.tz)
impact_employment,region,Mara,Change_from_Dec2022,Dec-2023,18,,TCDC/Ushirika statistics (ushirika.go.tz)
impact_employment,region,Mbeya,Permanent_Employees,Dec-2023,2477,,TCDC/Ushirika statistics (ushirika.go.tz)
impact_employment,region,Mbeya,Casual_Employees,Dec-2023,3869,,TCDC/Ushirika statistics (ushirika.go.tz)
impact_employment,region,Mbeya,Total_Jobs,Dec-2023,6346,,TCDC/Ushirika statistics (ushirika.go.tz)
impact_employment,region,Mbeya,Change_from_Dec2022,Dec-2023,436,,TCDC/Ushirika statistics (ushirika.go.tz)
impact_employment,region,Morogoro,Permanent_Employees,Dec-2023,1267,,TCDC/Ushirika statistics (ushirika.go.tz)
impact_employment,region,Morogoro,Casual_Employees,Dec-2023,710,,TCDC/Ushirika statistics (ushirika.go.tz)
impact_employment,region,Morogoro,Total_Jobs,Dec-2023,1977,,TCDC/Ushirika statistics (ushirika.go.tz)
impact_employment,region,Morogoro,Change_from_Dec2022,Dec-2023,32,,TCDC/Ushirika statistics (ushirika.go.tz)
impact_employment,region,Mtwara,Permanent_Employees,Dec-2023,3977,,TCDC/Ushirika statistics (ushirika.go.tz)
impact_employment,region,Mtwara,Casual_Employees,Dec-2023,16536,,TCDC/Ushirika statistics (ushirika.go.tz)
impact_employment,region,Mtwara,Total_Jobs,Dec-2023,20513,,TCDC/Ushirika statistics (ushirika.go.tz)
impact_employment,region,Mtwara,Change_from_Dec2022,Dec-2023,581,,TCDC/Ushirika statistics (ushirika.go.tz)
impact_employment,region,Mwanza,Permanent_Employees,Dec-2023,1733,,TCDC/Ushirika statistics (ushirika.go.tz)
impact_employment,region,Mwanza,Casual_Employees,Dec-2023,657,,TCDC/Ushirika statistics (ushirika.go.tz)
impact_employment,region,Mwanza,Total_Jobs,Dec-2023,2390,,TCDC/Ushirika statistics (ushirika.go.tz)
impact_employment,region,Mwanza,Change_from_Dec2022,Dec-2023,146,,TCDC/Ushirika statistics (ushirika.go.tz)
impact_employment,region,Njombe,Permanent_Employees,Dec-2023,606,,TCDC/Ushirika statistics (ushirika.go.tz)
impact_employment,region,Njombe,Casual_Employees,Dec-2023,1474,,TCDC/Ushirika statistics (ushirika.go.tz)
impact_employment,region,Njombe,Total_Jobs,Dec-2023,2080,,TCDC/Ushirika statistics (ushirika.go.tz)
impact_employment,region,Njombe,Change_from_Dec2022,Dec-2023,69,,TCDC/Ushirika statistics (ushirika.go.tz)
impact_employment,region,Pwani,Permanent_Employees,Dec-2023,742,,TCDC/Ushirika statistics (ushirika.go.tz)
impact_employment,region,Pwani,Casual_Employees,Dec-2023,4807,,TCDC/Ushirika statistics (ushirika.go.tz)
impact_employment,region,Pwani,Total_Jobs,Dec-2023,5549,,TCDC/Ushirika statistics (ushirika.go.tz)
impact_employment,region,Pwani,Change_from_Dec2022,Dec-2023,195,,TCDC/Ushirika statistics (ushirika.go.tz)
impact_employment,region,Rukwa,Permanent_Employees,Dec-2023,133,,TCDC/Ushirika statistics (ushirika.go.tz)
impact_employment,region,Rukwa,Casual_Employees,Dec-2023,463,,TCDC/Ushirika statistics (ushirika.go.tz)
impact_employment,region,Rukwa,Total_Jobs,Dec-2023,596,,TCDC/Ushirika statistics (ushirika.go.tz)
impact_employment,region,Rukwa,Change_from_Dec2022,Dec-2023,19,,TCDC/Ushirika statistics (ushirika.go.tz)
impact_employment,region,Ruvuma,Permanent_Employees,Dec-2023,1308,,TCDC/Ushirika statistics (ushirika.go.tz)
impact_employment,region,Ruvuma,Casual_Employees,Dec-2023,1673,,TCDC/Ushirika statistics (ushirika.go.tz)
impact_employment,region,Ruvuma,Total_Jobs,Dec-2023,2981,,TCDC/Ushirika statistics (ushirika.go.tz)
impact_employment,region,Ruvuma,Change_from_Dec2022,Dec-2023,1853,,TCDC/Ushirika statistics (ushirika.go.tz)
impact_employment,region,Shinyanga,Permanent_Employees,Dec-2023,1681,,TCDC/Ushirika statistics (ushirika.go.tz)
impact_employment,region,Shinyanga,Casual_Employees,Dec-2023,7925,,TCDC/Ushirika statistics (ushirika.go.tz)
impact_employment,region,Shinyanga,Total_Jobs,Dec-2023,9606,,TCDC/Ushirika statistics (ushirika.go.tz)
impact_employment,region,Shinyanga,Change_from_Dec2022,Dec-2023,271,,TCDC/Ushirika statistics (ushirika.go.tz)
impact_employment,region,Simiyu,Permanent_Employees,Dec-2023,2371,,TCDC/Ushirika statistics (ushirika.go.tz)
impact_employment,region,Simiyu,Casual_Employees,Dec-2023,7992,,TCDC/Ushirika statistics (ushirika.go.tz)
impact_employment,region,Simiyu,Total_Jobs,Dec-2023,10363,,TCDC/Ushirika statistics (ushirika.go.tz)
impact_employment,region,Simiyu,Change_from_Dec2022,Dec-2023,411,,TCDC/Ushirika statistics (ushirika.go.tz)
impact_employment,region,Singida,Permanent_Employees,Dec-2023,303,,TCDC/Ushirika statistics (ushirika.go.tz)
impact_employment,region,Singida,Casual_Employees,Dec-2023,392,,TCDC/Ushirika statistics (ushirika.go.tz)
impact_employment,region,Singida,Total_Jobs,Dec-2023,695,,TCDC/Ushirika statistics (ushirika.go.tz)
impact_employment,region,Singida,Change_from_Dec2022,Dec-2023,33,,TCDC/Ushirika statistics (ushirika.go.tz)
impact_employment,region,Songwe,Permanent_Employees,Dec-2023,159,,TCDC/Ushirika statistics (ushirika.go.tz)
impact_employment,region,Songwe,Casual_Employees,Dec-2023,922,,TCDC/Ushirika statistics (ushirika.go.tz)
impact_employment,region,Songwe,Total_Jobs,Dec-2023,1081,,TCDC/Ushirika statistics (ushirika.go.tz)
impact_employment,region,Songwe,Change_from_Dec2022,Dec-2023,63,,TCDC/Ushirika statistics (ushirika.go.tz)
impact_employment,region,Tabora,Permanent_Employees,Dec-2023,2594,,TCDC/Ushirika statistics (ushirika.go.tz)
impact_employment,region,Tabora,Casual_Employees,Dec-2023,1843,,TCDC/Ushirika statistics (ushirika.go.tz)
impact_employment,region,Tabora,Total_Jobs,Dec-2023,4437,,TCDC/Ushirika statistics (ushirika.go.tz)
impact_employment,region,Tabora,Change_from_Dec2022,Dec-2023,149,,TCDC/Ushirika statistics (ushirika.go.tz)
impact_employment,region,Tanga,Permanent_Employees,Dec-2023,914,,TCDC/Ushirika statistics (ushirika.go.tz)
impact_employment,region,Tanga,Casual_Employees,Dec-2023,875,,TCDC/Ushirika statistics (ushirika.go.tz)
impact_employment,region,Tanga,Total_Jobs,Dec-2023,1789,,TCDC/Ushirika statistics (ushirika.go.tz)
impact_employment,region,Tanga,Change_from_Dec2022,Dec-2023,85,,TCDC/Ushirika statistics (ushirika.go.tz)
impact_employment,region,TOTAL,Permanent_Employees,Dec-2023,43096,,TCDC/Ushirika statistics (ushirika.go.tz)
impact_employment,region,TOTAL,Casual_Employees,Dec-2023,110886,,TCDC/Ushirika statistics (ushirika.go.tz)
impact_employment,region,TOTAL,Total_Jobs,Dec-2023,153982,,TCDC/Ushirika statistics (ushirika.go.tz)
impact_employment,region,TOTAL,Change_from_Dec2022,Dec-2023,7427,,TCDC/Ushirika statistics (ushirika.go.tz)
agriculture_trade,cooperative,ACU LTD,Volume_Kg,FY2024/25,45608,,TCDC/Ushirika statistics (ushirika.go.tz)
agriculture_trade,cooperative,ACU LTD,Value_USD,FY2024/25,213075.06,,TCDC/Ushirika statistics (ushirika.go.tz)
agriculture_trade,cooperative,ACU LTD,Value_TZS,FY2024/25,564648909,,TCDC/Ushirika statistics (ushirika.go.tz)
agriculture_trade,cooperative,AMCOS (139),Volume_Kg,FY2024/25,13112870,,TCDC/Ushirika statistics (ushirika.go.tz)
agriculture_trade,cooperative,AMCOS (139),Value_USD,FY2024/25,60863902.28,,TCDC/Ushirika statistics (ushirika.go.tz)
agriculture_trade,cooperative,AMCOS (139),Value_TZS,FY2024/25,161289341042,,TCDC/Ushirika statistics (ushirika.go.tz)
agriculture_trade,cooperative,KCCCJE LTD,Volume_Kg,FY2024/25,253611,,TCDC/Ushirika statistics (ushirika.go.tz)
agriculture_trade,cooperative,KCCCJE LTD,Value_USD,FY2024/25,1111797.9,,TCDC/Ushirika statistics (ushirika.go.tz)
agriculture_trade,cooperative,KCCCJE LTD,Value_TZS,FY2024/25,2946264435,,TCDC/Ushirika statistics (ushirika.go.tz)
agriculture_trade,cooperative,KCU (1990) LTD,Volume_Kg,FY2024/25,804599,,TCDC/Ushirika statistics (ushirika.go.tz)
agriculture_trade,cooperative,KCU (1990) LTD,Value_USD,FY2024/25,4576366.78,,TCDC/Ushirika statistics (ushirika.go.tz)
agriculture_trade,cooperative,KCU (1990) LTD,Value_TZS,FY2024/25,12127371967,,TCDC/Ushirika statistics (ushirika.go.tz)
agriculture_trade,cooperative,KDCU LTD,Volume_Kg,FY2024/25,1353060,,TCDC/Ushirika statistics (ushirika.go.tz)
agriculture_trade,cooperative,KDCU LTD,Value_USD,FY2024/25,5463245.28,,TCDC/Ushirika statistics (ushirika.go.tz)
agriculture_trade,cooperative,KDCU LTD,Value_TZS,FY2024/25,14477599992,,TCDC/Ushirika statistics (ushirika.go.tz)
agriculture_trade,cooperative,RUCU LTD,Volume_Kg,FY2024/25,203393,,TCDC/Ushirika statistics (ushirika.go.tz)
agriculture_trade,cooperative,RUCU LTD,Value_USD,FY2024/25,1085513.7,,TCDC/Ushirika statistics (ushirika.go.tz)
agriculture_trade,cooperative,RUCU LTD,Value_TZS,FY2024/25,2876611305,,TCDC/Ushirika statistics (ushirika.go.tz)
agriculture_trade,cooperative,WAMACU LTD,Volume_Kg,FY2024/25,78420,,TCDC/Ushirika statistics (ushirika.go.tz)
agriculture_trade,cooperative,WAMACU LTD,Value_USD,FY2024/25,364164.68,,TCDC/Ushirika statistics (ushirika.go.tz)
agriculture_trade,cooperative,WAMACU LTD,Value_TZS,FY2024/25,965036402,,TCDC/Ushirika statistics (ushirika.go.tz)
agriculture_trade,cooperative,TOTAL,Volume_Kg,FY2024/25,15851561,,TCDC/Ushirika statistics (ushirika.go.tz)
agriculture_trade,cooperative,TOTAL,Value_USD,FY2024/25,73678065.68,,TCDC/Ushirika statistics (ushirika.go.tz)
agriculture_trade,cooperative,TOTAL,Value_TZS,FY2024/25,195246874052,,TCDC/Ushirika statistics (ushirika.go.tz)
cooperatives,region,Pwani,Scales_Count,FY2024/25,135,,TCDC/Ushirika statistics (ushirika.go.tz)
cooperatives,region,Pwani,Value_TZS,FY2024/25,514416285,,TCDC/Ushirika statistics (ushirika.go.tz)
cooperatives,region,Pwani,Main_Crop,FY2024/25,Cashew Nuts,,TCDC/Ushirika statistics (ushirika.go.tz)
cooperatives,region,Kagera,Scales_Count,FY2024/25,394,,TCDC/Ushirika statistics (ushirika.go.tz)
cooperatives,region,Kagera,Value_TZS,FY2024/25,1447860000,,TCDC/Ushirika statistics (ushirika.go.tz)
cooperatives,region,Kagera,Main_Crop,FY2024/25,Coffee,,TCDC/Ushirika statistics (ushirika.go.tz)
cooperatives,region,Lindi,Scales_Count,FY2024/25,750,,TCDC/Ushirika statistics (ushirika.go.tz)
cooperatives,region,Lindi,Value_TZS,FY2024/25,2857868250,,TCDC/Ushirika statistics (ushirika.go.tz)
cooperatives,region,Lindi,Main_Crop,FY2024/25,Cashew Nuts,,TCDC/Ushirika statistics (ushirika.go.tz)
cooperatives,region,Manyara,Scales_Count,FY2024/25,19,,TCDC/Ushirika statistics (ushirika.go.tz)
cooperatives,region,Manyara,Value_TZS,FY2024/25,53628640,,TCDC/Ushirika statistics (ushirika.go.tz)
cooperatives,region,Manyara,Main_Crop,FY2024/25,Sesame,,TCDC/Ushirika statistics (ushirika.go.tz)
cooperatives,region,Mbeya,Scales_Count,FY2024/25,40,,TCDC/Ushirika statistics (ushirika.go.tz)
cooperatives,region,Mbeya,Value_TZS,FY2024/25,116000000,,TCDC/Ushirika statistics (ushirika.go.tz)
cooperatives,region,Mbeya,Main_Crop,FY2024/25,Cocoa,,TCDC/Ushirika statistics (ushirika.go.tz)
cooperatives,region,Mtwara,Scales_Count,FY2024/25,1135,,TCDC/Ushirika statistics (ushirika.go.tz)
cooperatives,region,Mtwara,Value_TZS,FY2024/25,4324907285,,TCDC/Ushirika statistics (ushirika.go.tz)
cooperatives,region,Mtwara,Main_Crop,FY2024/25,Cashew Nuts,,TCDC/Ushirika statistics (ushirika.go.tz)
cooperatives,region,Ruvuma,Scales_Count,FY2024/25,371,,TCDC/Ushirika statistics (ushirika.go.tz)
cooperatives,region,Ruvuma,Value_TZS,FY2024/25,1363957791,,TCDC/Ushirika statistics (ushirika.go.tz)
cooperatives,region,Ruvuma,Main_Crop,FY2024/25,Sesame/Cashew,,TCDC/Ushirika statistics (ushirika.go.tz)
cooperatives,region,Shinyanga,Scales_Count,FY2024/25,1750,,TCDC/Ushirika statistics (ushirika.go.tz)
cooperatives,region,Shinyanga,Value_TZS,FY2024/25,4363909095,,TCDC/Ushirika statistics (ushirika.go.tz)
cooperatives,region,Shinyanga,Main_Crop,FY2024/25,Cotton,,TCDC/Ushirika statistics (ushirika.go.tz)
cooperatives,region,Songwe,Scales_Count,FY2024/25,40,,TCDC/Ushirika statistics (ushirika.go.tz)
cooperatives,region,Songwe,Value_TZS,FY2024/25,121068000,,TCDC/Ushirika statistics (ushirika.go.tz)
cooperatives,region,Songwe,Main_Crop,FY2024/25,Sesame,,TCDC/Ushirika statistics (ushirika.go.tz)
cooperatives,region,TOTAL,Scales_Count,FY2024/25,4634,,TCDC/Ushirika statistics (ushirika.go.tz)
cooperatives,region,TOTAL,Value_TZS,FY2024/25,15163615346,,TCDC/Ushirika statistics (ushirika.go.tz)
impact_employment,region,Arusha,Secondary_Cooperatives,Dec-2023,1,,TCDC/Ushirika statistics (ushirika.go.tz)
impact_employment,region,Arusha,Primary_Cooperatives,Dec-2023,13,,TCDC/Ushirika statistics (ushirika.go.tz)
impact_employment,region,Arusha,Total_Industries,Dec-2023,14,,TCDC/Ushirika statistics (ushirika.go.tz)
impact_employment,region,Dar es Salaam,Secondary_Cooperatives,Dec-2023,0,,TCDC/Ushirika statistics (ushirika.go.tz)
impact_employment,region,Dar es Salaam,Primary_Cooperatives,Dec-2023,2,,TCDC/Ushirika statistics (ushirika.go.tz)
impact_employment,region,Dar es Salaam,Total_Industries,Dec-2023,2,,TCDC/Ushirika statistics (ushirika.go.tz)
impact_employment,region,Dodoma,Secondary_Cooperatives,Dec-2023,0,,TCDC/Ushirika statistics (ushirika.go.tz)
impact_employment,region,Dodoma,Primary_Cooperatives,Dec-2023,1,,TCDC/Ushirika statistics (ushirika.go.tz)
impact_employment,region,Dodoma,Total_Industries,Dec-2023,1,,TCDC/Ushirika statistics (ushirika.go.tz)
impact_employment,region,Geita,Secondary_Cooperatives,Dec-2023,3,,TCDC/Ushirika statistics (ushirika.go.tz)
impact_employment,region,Geita,Primary_Cooperatives,Dec-2023,2,,TCDC/Ushirika statistics (ushirika.go.tz)
impact_employment,region,Geita,Total_Industries,Dec-2023,5,,TCDC/Ushirika statistics (ushirika.go.tz)
impact_employment,region,Iringa,Secondary_Cooperatives,Dec-2023,0,,TCDC/Ushirika statistics (ushirika.go.tz)
impact_employment,region,Iringa,Primary_Cooperatives,Dec-2023,11,,TCDC/Ushirika statistics (ushirika.go.tz)
impact_employment,region,Iringa,Total_Industries,Dec-2023,11,,TCDC/Ushirika statistics (ushirika.go.tz)
impact_employment,region,Kagera,Secondary_Cooperatives,Dec-2023,2,,TCDC/Ushirika statistics (ushirika.go.tz)
impact_employment,region,Kagera,Primary_Cooperatives,Dec-2023,3,,TCDC/Ushirika statistics (ushirika.go.tz)
impact_employment,region,Kagera,Total_Industries,Dec-2023,5,,TCDC/Ushirika statistics (ushirika.go.tz)
impact_employment,region,Katavi,Secondary_Cooperatives,Dec-2023,0,,TCDC/Ushirika statistics (ushirika.go.tz)
impact_employment,region,Katavi,Primary_Cooperatives,Dec-2023,0,,TCDC/Ushirika statistics (ushirika.go.tz)
impact_employment,region,Katavi,Total_Industries,Dec-2023,0,,TCDC/Ushirika statistics (ushirika.go.tz)
impact_employment,region,Kigoma,Secondary_Cooperatives,Dec-2023,0,,TCDC/Ushirika statistics (ushirika.go.tz)
impact_employment,region,Kigoma,Primary_Cooperatives,Dec-2023,18,,TCDC/Ushirika statistics (ushirika.go.tz)
impact_employment,region,Kigoma,Total_Industries,Dec-2023,18,,TCDC/Ushirika statistics (ushirika.go.tz)
impact_employment,region,Kilimanjaro,Secondary_Cooperatives,Dec-2023,1,,TCDC/Ushirika statistics (ushirika.go.tz)
impact_employment,region,Kilimanjaro,Primary_Cooperatives,Dec-2023,16,,TCDC/Ushirika statistics (ushirika.go.tz)
impact_employment,region,Kilimanjaro,Total_Industries,Dec-2023,17,,TCDC/Ushirika statistics (ushirika.go.tz)
impact_employment,region,Lindi,Secondary_Cooperatives,Dec-2023,1,,TCDC/Ushirika statistics (ushirika.go.tz)
impact_employment,region,Lindi,Primary_Cooperatives,Dec-2023,3,,TCDC/Ushirika statistics (ushirika.go.tz)
impact_employment,region,Lindi,Total_Industries,Dec-2023,4,,TCDC/Ushirika statistics (ushirika.go.tz)
impact_employment,region,Manyara,Secondary_Cooperatives,Dec-2023,0,,TCDC/Ushirika statistics (ushirika.go.tz)
impact_employment,region,Manyara,Primary_Cooperatives,Dec-2023,6,,TCDC/Ushirika statistics (ushirika.go.tz)
impact_employment,region,Manyara,Total_Industries,Dec-2023,6,,TCDC/Ushirika statistics (ushirika.go.tz)
impact_employment,region,Mara,Secondary_Cooperatives,Dec-2023,2,,TCDC/Ushirika statistics (ushirika.go.tz)
impact_employment,region,Mara,Primary_Cooperatives,Dec-2023,10,,TCDC/Ushirika statistics (ushirika.go.tz)
impact_employment,region,Mara,Total_Industries,Dec-2023,12,,TCDC/Ushirika statistics (ushirika.go.tz)
impact_employment,region,Mbeya,Secondary_Cooperatives,Dec-2023,0,,TCDC/Ushirika statistics (ushirika.go.tz)
impact_employment,region,Mbeya,Primary_Cooperatives,Dec-2023,22,,TCDC/Ushirika statistics (ushirika.go.tz)
impact_employment,region,Mbeya,Total_Industries,Dec-2023,22,,TCDC/Ushirika statistics (ushirika.go.tz)
impact_employment,region,Morogoro,Secondary_Cooperatives,Dec-2023,3,,TCDC/Ushirika statistics (ushirika.go.tz)
impact_employment,region,Morogoro,Primary_Cooperatives,Dec-2023,7,,TCDC/Ushirika statistics (ushirika.go.tz)
impact_employment,region,Morogoro,Total_Industries,Dec-2023,10,,TCDC/Ushirika statistics (ushirika.go.tz)
impact_employment,region,Mtwara,Secondary_Cooperatives,Dec-2023,1,,TCDC/Ushirika statistics (ushirika.go.tz)
impact_employment,region,Mtwara,Primary_Cooperatives,Dec-2023,0,,TCDC/Ushirika statistics (ushirika.go.tz)
impact_employment,region,Mtwara,Total_Industries,Dec-2023,1,,TCDC/Ushirika statistics (ushirika.go.tz)
impact_employment,region,Mwanza,Secondary_Cooperatives,Dec-2023,8,,TCDC/Ushirika statistics (ushirika.go.tz)
impact_employment,region,Mwanza,Primary_Cooperatives,Dec-2023,0,,TCDC/Ushirika statistics (ushirika.go.tz)
impact_employment,region,Mwanza,Total_Industries,Dec-2023,8,,TCDC/Ushirika statistics (ushirika.go.tz)
impact_employment,region,Njombe,Secondary_Cooperatives,Dec-2023,1,,TCDC/Ushirika statistics (ushirika.go.tz)
impact_employment,region,Njombe,Primary_Cooperatives,Dec-2023,4,,TCDC/Ushirika statistics (ushirika.go.tz)
impact_employment,region,Njombe,Total_Industries,Dec-2023,5,,TCDC/Ushirika statistics (ushirika.go.tz)
impact_employment,region,Pwani,Secondary_Cooperatives,Dec-2023,1,,TCDC/Ushirika statistics (ushirika.go.tz)
impact_employment,region,Pwani,Primary_Cooperatives,Dec-2023,6,,TCDC/Ushirika statistics (ushirika.go.tz)
impact_employment,region,Pwani,Total_Industries,Dec-2023,7,,TCDC/Ushirika statistics (ushirika.go.tz)
impact_employment,region,Rukwa,Secondary_Cooperatives,Dec-2023,0,,TCDC/Ushirika statistics (ushirika.go.tz)
impact_employment,region,Rukwa,Primary_Cooperatives,Dec-2023,3,,TCDC/Ushirika statistics (ushirika.go.tz)
impact_employment,region,Rukwa,Total_Industries,Dec-2023,3,,TCDC/Ushirika statistics (ushirika.go.tz)
impact_employment,region,Ruvuma,Secondary_Cooperatives,Dec-2023,2,,TCDC/Ushirika statistics (ushirika.go.tz)
impact_employment,region,Ruvuma,Primary_Cooperatives,Dec-2023,88,,TCDC/Ushirika statistics (ushirika.go.tz)
impact_employment,region,Ruvuma,Total_Industries,Dec-2023,90,,TCDC/Ushirika statistics (ushirika.go.tz)
impact_employment,region,Shinyanga,Secondary_Cooperatives,Dec-2023,4,,TCDC/Ushirika statistics (ushirika.go.tz)
impact_employment,region,Shinyanga,Primary_Cooperatives,Dec-2023,0,,TCDC/Ushirika statistics (ushirika.go.tz)
impact_employment,region,Shinyanga,Total_Industries,Dec-2023,4,,TCDC/Ushirika statistics (ushirika.go.tz)
impact_employment,region,Simiyu,Secondary_Cooperatives,Dec-2023,3,,TCDC/Ushirika statistics (ushirika.go.tz)
impact_employment,region,Simiyu,Primary_Cooperatives,Dec-2023,1,,TCDC/Ushirika statistics (ushirika.go.tz)
impact_employment,region,Simiyu,Total_Industries,Dec-2023,4,,TCDC/Ushirika statistics (ushirika.go.tz)
impact_employment,region,Singida,Secondary_Cooperatives,Dec-2023,0,,TCDC/Ushirika statistics (ushirika.go.tz)
impact_employment,region,Singida,Primary_Cooperatives,Dec-2023,3,,TCDC/Ushirika statistics (ushirika.go.tz)
impact_employment,region,Singida,Total_Industries,Dec-2023,3,,TCDC/Ushirika statistics (ushirika.go.tz)
impact_employment,region,Songwe,Secondary_Cooperatives,Dec-2023,0,,TCDC/Ushirika statistics (ushirika.go.tz)
impact_employment,region,Songwe,Primary_Cooperatives,Dec-2023,33,,TCDC/Ushirika statistics (ushirika.go.tz)
impact_employment,region,Songwe,Total_Industries,Dec-2023,33,,TCDC/Ushirika statistics (ushirika.go.tz)
impact_employment,region,Tabora,Secondary_Cooperatives,Dec-2023,3,,TCDC/Ushirika statistics (ushirika.go.tz)
impact_employment,region,Tabora,Primary_Cooperatives,Dec-2023,4,,TCDC/Ushirika statistics (ushirika.go.tz)
impact_employment,region,Tabora,Total_Industries,Dec-2023,7,,TCDC/Ushirika statistics (ushirika.go.tz)
impact_employment,region,Tanga,Secondary_Cooperatives,Dec-2023,1,,TCDC/Ushirika statistics (ushirika.go.tz)
impact_employment,region,Tanga,Primary_Cooperatives,Dec-2023,35,,TCDC/Ushirika statistics (ushirika.go.tz)
impact_employment,region,Tanga,Total_Industries,Dec-2023,36,,TCDC/Ushirika statistics (ushirika.go.tz)
impact_employment,region,TOTAL,Secondary_Cooperatives,Dec-2023,37,,TCDC/Ushirika statistics (ushirika.go.tz)
impact_employment,region,TOTAL,Primary_Cooperatives,Dec-2023,291,,TCDC/Ushirika statistics (ushirika.go.tz)
impact_employment,region,TOTAL,Total_Industries,Dec-2023,328,,TCDC/Ushirika statistics (ushirika.go.tz)
finance_access,national,Sep 2021,SACCOS_Registered,Sep 2021,3946,,TCDC/Ushirika statistics (ushirika.go.tz)
finance_access,national,Sep 2021,SACCOS_Licensed,Sep 2021,533,,TCDC/Ushirika statistics (ushirika.go.tz)
finance_access,national,Sep 2021,License_Rate_Pct,Sep 2021,14,,TCDC/Ushirika statistics (ushirika.go.tz)
finance_access,national,Jun 2023,SACCOS_Registered,Jun 2023,2042,,TCDC/Ushirika statistics (ushirika.go.tz)
finance_access,national,Jun 2023,SACCOS_Licensed,Jun 2023,801,,TCDC/Ushirika statistics (ushirika.go.tz)
finance_access,national,Jun 2023,License_Rate_Pct,Jun 2023,39,,TCDC/Ushirika statistics (ushirika.go.tz)
finance_access,national,Jun 2023,Category_A,Jun 2023,662,,TCDC/Ushirika statistics (ushirika.go.tz)
finance_access,national,Jun 2023,Category_B,Jun 2023,139,,TCDC/Ushirika statistics (ushirika.go.tz)
finance_access,national,Jun 2025,SACCOS_Registered,Jun 2025,2159,,TCDC/Ushirika statistics (ushirika.go.tz)
finance_access,national,Jun 2025,SACCOS_Licensed,Jun 2025,982,,TCDC/Ushirika statistics (ushirika.go.tz)
finance_access,national,Jun 2025,License_Rate_Pct,Jun 2025,45,,TCDC/Ushirika statistics (ushirika.go.tz)
finance_access,region,Arusha,Category_A,Jun-2023,90,,TCDC/Ushirika statistics (ushirika.go.tz)
finance_access,region,Arusha,Category_B,Jun-2023,7,,TCDC/Ushirika statistics (ushirika.go.tz)
finance_access,region,Arusha,Total,Jun-2023,97,,TCDC/Ushirika statistics (ushirika.go.tz)
finance_access,region,Dar es Salaam,Category_A,Jun-2023,166,,TCDC/Ushirika statistics (ushirika.go.tz)
finance_access,region,Dar es Salaam,Category_B,Jun-2023,55,,TCDC/Ushirika statistics (ushirika.go.tz)
finance_access,region,Dar es Salaam,Total,Jun-2023,221,,TCDC/Ushirika statistics (ushirika.go.tz)
finance_access,region,Dodoma,Category_A,Jun-2023,30,,TCDC/Ushirika statistics (ushirika.go.tz)
finance_access,region,Dodoma,Category_B,Jun-2023,5,,TCDC/Ushirika statistics (ushirika.go.tz)
finance_access,region,Dodoma,Total,Jun-2023,35,,TCDC/Ushirika statistics (ushirika.go.tz)
finance_access,region,Geita,Category_A,Jun-2023,3,,TCDC/Ushirika statistics (ushirika.go.tz)
finance_access,region,Geita,Category_B,Jun-2023,2,,TCDC/Ushirika statistics (ushirika.go.tz)
finance_access,region,Geita,Total,Jun-2023,5,,TCDC/Ushirika statistics (ushirika.go.tz)
finance_access,region,Iringa,Category_A,Jun-2023,25,,TCDC/Ushirika statistics (ushirika.go.tz)
finance_access,region,Iringa,Category_B,Jun-2023,7,,TCDC/Ushirika statistics (ushirika.go.tz)
finance_access,region,Iringa,Total,Jun-2023,32,,TCDC/Ushirika statistics (ushirika.go.tz)
finance_access,region,Kagera,Category_A,Jun-2023,24,,TCDC/Ushirika statistics (ushirika.go.tz)
finance_access,region,Kagera,Category_B,Jun-2023,8,,TCDC/Ushirika statistics (ushirika.go.tz)
finance_access,region,Kagera,Total,Jun-2023,32,,TCDC/Ushirika statistics (ushirika.go.tz)
finance_access,region,Katavi,Category_A,Jun-2023,2,,TCDC/Ushirika statistics (ushirika.go.tz)
finance_access,region,Katavi,Category_B,Jun-2023,0,,TCDC/Ushirika statistics (ushirika.go.tz)
finance_access,region,Katavi,Total,Jun-2023,2,,TCDC/Ushirika statistics (ushirika.go.tz)
finance_access,region,Kigoma,Category_A,Jun-2023,5,,TCDC/Ushirika statistics (ushirika.go.tz)
finance_access,region,Kigoma,Category_B,Jun-2023,0,,TCDC/Ushirika statistics (ushirika.go.tz)
finance_access,region,Kigoma,Total,Jun-2023,5,,TCDC/Ushirika statistics (ushirika.go.tz)
finance_access,region,Kilimanjaro,Category_A,Jun-2023,55,,TCDC/Ushirika statistics (ushirika.go.tz)
finance_access,region,Kilimanjaro,Category_B,Jun-2023,15,,TCDC/Ushirika statistics (ushirika.go.tz)
finance_access,region,Kilimanjaro,Total,Jun-2023,70,,TCDC/Ushirika statistics (ushirika.go.tz)
finance_access,region,Lindi,Category_A,Jun-2023,2,,TCDC/Ushirika statistics (ushirika.go.tz)
finance_access,region,Lindi,Category_B,Jun-2023,1,,TCDC/Ushirika statistics (ushirika.go.tz)
finance_access,region,Lindi,Total,Jun-2023,3,,TCDC/Ushirika statistics (ushirika.go.tz)
finance_access,region,Manyara,Category_A,Jun-2023,30,,TCDC/Ushirika statistics (ushirika.go.tz)
finance_access,region,Manyara,Category_B,Jun-2023,0,,TCDC/Ushirika statistics (ushirika.go.tz)
finance_access,region,Manyara,Total,Jun-2023,30,,TCDC/Ushirika statistics (ushirika.go.tz)
finance_access,region,Mara,Category_A,Jun-2023,17,,TCDC/Ushirika statistics (ushirika.go.tz)
finance_access,region,Mara,Category_B,Jun-2023,0,,TCDC/Ushirika statistics (ushirika.go.tz)
finance_access,region,Mara,Total,Jun-2023,17,,TCDC/Ushirika statistics (ushirika.go.tz)
finance_access,region,Mbeya,Category_A,Jun-2023,40,,TCDC/Ushirika statistics (ushirika.go.tz)
finance_access,region,Mbeya,Category_B,Jun-2023,15,,TCDC/Ushirika statistics (ushirika.go.tz)
finance_access,region,Mbeya,Total,Jun-2023,55,,TCDC/Ushirika statistics (ushirika.go.tz)
finance_access,region,Morogoro,Category_A,Jun-2023,30,,TCDC/Ushirika statistics (ushirika.go.tz)
finance_access,region,Morogoro,Category_B,Jun-2023,6,,TCDC/Ushirika statistics (ushirika.go.tz)
finance_access,region,Morogoro,Total,Jun-2023,36,,TCDC/Ushirika statistics (ushirika.go.tz)
finance_access,region,Mtwara,Category_A,Jun-2023,4,,TCDC/Ushirika statistics (ushirika.go.tz)
finance_access,region,Mtwara,Category_B,Jun-2023,0,,TCDC/Ushirika statistics (ushirika.go.tz)
finance_access,region,Mtwara,Total,Jun-2023,4,,TCDC/Ushirika statistics (ushirika.go.tz)
finance_access,region,Mwanza,Category_A,Jun-2023,23,,TCDC/Ushirika statistics (ushirika.go.tz)
finance_access,region,Mwanza,Category_B,Jun-2023,4,,TCDC/Ushirika statistics (ushirika.go.tz)
finance_access,region,Mwanza,Total,Jun-2023,27,,TCDC/Ushirika statistics (ushirika.go.tz)
finance_access,region,Njombe,Category_A,Jun-2023,23,,TCDC/Ushirika statistics (ushirika.go.tz)
finance_access,region,Njombe,Category_B,Jun-2023,3,,TCDC/Ushirika statistics (ushirika.go.tz)
finance_access,region,Njombe,Total,Jun-2023,26,,TCDC/Ushirika statistics (ushirika.go.tz)
finance_access,region,Pwani,Category_A,Jun-2023,20,,TCDC/Ushirika statistics (ushirika.go.tz)
finance_access,region,Pwani,Category_B,Jun-2023,2,,TCDC/Ushirika statistics (ushirika.go.tz)
finance_access,region,Pwani,Total,Jun-2023,22,,TCDC/Ushirika statistics (ushirika.go.tz)
finance_access,region,Rukwa,Category_A,Jun-2023,7,,TCDC/Ushirika statistics (ushirika.go.tz)
finance_access,region,Rukwa,Category_B,Jun-2023,0,,TCDC/Ushirika statistics (ushirika.go.tz)
finance_access,region,Rukwa,Total,Jun-2023,7,,TCDC/Ushirika statistics (ushirika.go.tz)
finance_access,region,Ruvuma,Category_A,Jun-2023,14,,TCDC/Ushirika statistics (ushirika.go.tz)
finance_access,region,Ruvuma,Category_B,Jun-2023,1,,TCDC/Ushirika statistics (ushirika.go.tz)
finance_access,region,Ruvuma,Total,Jun-2023,15,,TCDC/Ushirika statistics (ushirika.go.tz)
finance_access,region,Shinyanga,Category_A,Jun-2023,9,,TCDC/Ushirika statistics (ushirika.go.tz)
finance_access,region,Shinyanga,Category_B,Jun-2023,2,,TCDC/Ushirika statistics (ushirika.go.tz)
finance_access,region,Shinyanga,Total,Jun-2023,11,,TCDC/Ushirika statistics (ushirika.go.tz)
finance_access,region,Simiyu,Category_A,Jun-2023,3,,TCDC/Ushirika statistics (ushirika.go.tz)
finance_access,region,Simiyu,Category_B,Jun-2023,0,,TCDC/Ushirika statistics (ushirika.go.tz)
finance_access,region,Simiyu,Total,Jun-2023,3,,TCDC/Ushirika statistics (ushirika.go.tz)
finance_access,region,Singida,Category_A,Jun-2023,7,,TCDC/Ushirika statistics (ushirika.go.tz)
finance_access,region,Singida,Category_B,Jun-2023,1,,TCDC/Ushirika statistics (ushirika.go.tz)
finance_access,region,Singida,Total,Jun-2023,8,,TCDC/Ushirika statistics (ushirika.go.tz)
finance_access,region,Songwe,Category_A,Jun-2023,6,,TCDC/Ushirika statistics (ushirika.go.tz)
finance_access,region,Songwe,Category_B,Jun-2023,0,,TCDC/Ushirika statistics (ushirika.go.tz)
finance_access,region,Songwe,Total,Jun-2023,6,,TCDC/Ushirika statistics (ushirika.go.tz)
finance_access,region,Tabora,Category_A,Jun-2023,4,,TCDC/Ushirika statistics (ushirika.go.tz)
finance_access,region,Tabora,Category_B,Jun-2023,0,,TCDC/Ushirika statistics (ushirika.go.tz)
finance_access,region,Tabora,Total,Jun-2023,4,,TCDC/Ushirika statistics (ushirika.go.tz)
finance_access,region,Tanga,Category_A,Jun-2023,23,,TCDC/Ushirika statistics (ushirika.go.tz)
finance_access,region,Tanga,Category_B,Jun-2023,5,,TCDC/Ushirika statistics (ushirika.go.tz)
finance_access,region,Tanga,Total,Jun-2023,28,,TCDC/Ushirika statistics (ushirika.go.tz)
finance_access,region,TOTAL,Category_A,Jun-2023,662,,TCDC/Ushirika statistics (ushirika.go.tz)
finance_access,region,TOTAL,Category_B,Jun-2023,139,,TCDC/Ushirika statistics (ushirika.go.tz)
finance_access,region,TOTAL,Total,Jun-2023,801,,TCDC/Ushirika statistics (ushirika.go.tz)
finance_access,region,Arusha,SACCOS_Licensed,Jun-2025,106,,TCDC/Ushirika statistics (ushirika.go.tz)
finance_access,region,Dar es Salaam,SACCOS_Licensed,Jun-2025,271,,TCDC/Ushirika statistics (ushirika.go.tz)
finance_access,region,Dodoma,SACCOS_Licensed,Jun-2025,51,,TCDC/Ushirika statistics (ushirika.go.tz)
finance_access,region,Geita,SACCOS_Licensed,Jun-2025,13,,TCDC/Ushirika statistics (ushirika.go.tz)
finance_access,region,Iringa,SACCOS_Licensed,Jun-2025,37,,TCDC/Ushirika statistics (ushirika.go.tz)
finance_access,region,Kagera,SACCOS_Licensed,Jun-2025,37,,TCDC/Ushirika statistics (ushirika.go.tz)
finance_access,region,Katavi,SACCOS_Licensed,Jun-2025,3,,TCDC/Ushirika statistics (ushirika.go.tz)
finance_access,region,Kigoma,SACCOS_Licensed,Jun-2025,7,,TCDC/Ushirika statistics (ushirika.go.tz)
finance_access,region,Kilimanjaro,SACCOS_Licensed,Jun-2025,82,,TCDC/Ushirika statistics (ushirika.go.tz)
finance_access,region,Lindi,SACCOS_Licensed,Jun-2025,3,,TCDC/Ushirika statistics (ushirika.go.tz)
finance_access,region,Manyara,SACCOS_Licensed,Jun-2025,34,,TCDC/Ushirika statistics (ushirika.go.tz)
finance_access,region,Mara,SACCOS_Licensed,Jun-2025,25,,TCDC/Ushirika statistics (ushirika.go.tz)
finance_access,region,Mbeya,SACCOS_Licensed,Jun-2025,69,,TCDC/Ushirika statistics (ushirika.go.tz)
finance_access,region,Morogoro,SACCOS_Licensed,Jun-2025,42,,TCDC/Ushirika statistics (ushirika.go.tz)
finance_access,region,Mtwara,SACCOS_Licensed,Jun-2025,6,,TCDC/Ushirika statistics (ushirika.go.tz)
finance_access,region,Mwanza,SACCOS_Licensed,Jun-2025,32,,TCDC/Ushirika statistics (ushirika.go.tz)
finance_access,region,Njombe,SACCOS_Licensed,Jun-2025,33,,TCDC/Ushirika statistics (ushirika.go.tz)
finance_access,region,Pwani,SACCOS_Licensed,Jun-2025,29,,TCDC/Ushirika statistics (ushirika.go.tz)
finance_access,region,Rukwa,SACCOS_Licensed,Jun-2025,8,,TCDC/Ushirika statistics (ushirika.go.tz)
finance_access,region,Ruvuma,SACCOS_Licensed,Jun-2025,15,,TCDC/Ushirika statistics (ushirika.go.tz)
finance_access,region,Shinyanga,SACCOS_Licensed,Jun-2025,15,,TCDC/Ushirika statistics (ushirika.go.tz)
finance_access,region,Simiyu,SACCOS_Licensed,Jun-2025,3,,TCDC/Ushirika statistics (ushirika.go.tz)
finance_access,region,Singida,SACCOS_Licensed,Jun-2025,14,,TCDC/Ushirika statistics (ushirika.go.tz)
finance_access,region,Songwe,SACCOS_Licensed,Jun-2025,6,,TCDC/Ushirika statistics (ushirika.go.tz)
finance_access,region,Tabora,SACCOS_Licensed,Jun-2025,5,,TCDC/Ushirika statistics (ushirika.go.tz)
finance_access,region,Tanga,SACCOS_Licensed,Jun-2025,36,,TCDC/Ushirika statistics (ushirika.go.tz)
finance_access,region,TOTAL,SACCOS_Licensed,Jun-2025,982,,TCDC/Ushirika statistics (ushirika.go.tz)
cooperatives,coop_type,AMCOS,Registered_In_MUVU,Dec-2024,4128,,TCDC/Ushirika statistics (ushirika.go.tz)
cooperatives,coop_type,SACCOS,Registered_In_MUVU,Dec-2024,1349,,TCDC/Ushirika statistics (ushirika.go.tz)
cooperatives,coop_type,Union,Registered_In_MUVU,Dec-2024,47,,TCDC/Ushirika statistics (ushirika.go.tz)
cooperatives,coop_type,Joint_Enterprise,Registered_In_MUVU,Dec-2024,28,,TCDC/Ushirika statistics (ushirika.go.tz)
cooperatives,coop_type,Shirikisho,Registered_In_MUVU,Dec-2024,1,,TCDC/Ushirika statistics (ushirika.go.tz)
cooperatives,coop_type,Others,Registered_In_MUVU,Dec-2024,1017,,TCDC/Ushirika statistics (ushirika.go.tz)
cooperatives,coop_type,TOTAL,Registered_In_MUVU,Dec-2024,6570,,TCDC/Ushirika statistics (ushirika.go.tz)
agriculture_trade,agro_input,Cotton sulphur,Quantity,FY2024/25,8632095,,TCDC/Ushirika statistics (ushirika.go.tz)
agriculture_trade,agro_input,Cotton sulphur,Value_TZS,FY2024/25,55866647024,,TCDC/Ushirika statistics (ushirika.go.tz)
agriculture_trade,agro_input,Equipment,Quantity,FY2024/25,89981,,TCDC/Ushirika statistics (ushirika.go.tz)
agriculture_trade,agro_input,Equipment,Value_TZS,FY2024/25,10436203498,,TCDC/Ushirika statistics (ushirika.go.tz)
agriculture_trade,agro_input,Fertilizers,Quantity,FY2024/25,2134559,,TCDC/Ushirika statistics (ushirika.go.tz)
agriculture_trade,agro_input,Fertilizers,Value_TZS,FY2024/25,282031846652,,TCDC/Ushirika statistics (ushirika.go.tz)
agriculture_trade,agro_input,Jute bags,Quantity,FY2024/25,9206788,,TCDC/Ushirika statistics (ushirika.go.tz)
agriculture_trade,agro_input,Jute bags,Value_TZS,FY2024/25,49599046355,,TCDC/Ushirika statistics (ushirika.go.tz)
agriculture_trade,agro_input,Polythene bags,Quantity,FY2024/25,297963,,TCDC/Ushirika statistics (ushirika.go.tz)
agriculture_trade,agro_input,Polythene bags,Value_TZS,FY2024/25,293483000,,TCDC/Ushirika statistics (ushirika.go.tz)
agriculture_trade,agro_input,Powder sulphur,Quantity,FY2024/25,62538,,TCDC/Ushirika statistics (ushirika.go.tz)
agriculture_trade,agro_input,Powder sulphur,Value_TZS,FY2024/25,165597024280,,TCDC/Ushirika statistics (ushirika.go.tz)
agriculture_trade,agro_input,Seedlings,Quantity,FY2024/25,18471771,,TCDC/Ushirika statistics (ushirika.go.tz)
agriculture_trade,agro_input,Seedlings,Value_TZS,FY2024/25,1176419650,,TCDC/Ushirika statistics (ushirika.go.tz)
agriculture_trade,agro_input,Seeds,Quantity,FY2024/25,9647022,,TCDC/Ushirika statistics (ushirika.go.tz)
agriculture_trade,agro_input,Seeds,Value_TZS,FY2024/25,822035800,,TCDC/Ushirika statistics (ushirika.go.tz)
agriculture_trade,agro_input,Water sulphur,Quantity,FY2024/25,5446652,,TCDC/Ushirika statistics (ushirika.go.tz)
agriculture_trade,agro_input,Water sulphur,Value_TZS,FY2024/25,120077294236,,TCDC/Ushirika statistics (ushirika.go.tz)
agriculture_trade,agro_input,TOTAL,Quantity,FY2024/25,53989369,,TCDC/Ushirika statistics (ushirika.go.tz)
agriculture_trade,agro_input,TOTAL,Value_TZS,FY2024/25,685900000495,,TCDC/Ushirika statistics (ushirika.go.tz)
impact_inclusion,category,Women_SACCOS,Count,FY2024/25,25,,TCDC/Ushirika statistics (ushirika.go.tz)
impact_inclusion,category,Women_Non_Financial,Count,FY2024/25,25,,TCDC/Ushirika statistics (ushirika.go.tz)
impact_inclusion,category,TOTAL,Count,FY2024/25,50,,TCDC/Ushirika statistics (ushirika.go.tz)
impact_inclusion,category,Regions_Covered,Count,FY2024/25,20,,TCDC/Ushirika statistics (ushirika.go.tz)
cooperatives,asset_type,Buildings,Count,2025,1246,,TCDC/Ushirika statistics (ushirika.go.tz)
cooperatives,asset_type,Buildings,Historical_Value_TZS,2025,9637440377,,TCDC/Ushirika statistics (ushirika.go.tz)
cooperatives,asset_type,Buildings,Market_Value_TZS,2025,807468209640,,TCDC/Ushirika statistics (ushirika.go.tz)
cooperatives,asset_type,Farms,Count,2025,408,,TCDC/Ushirika statistics (ushirika.go.tz)
cooperatives,asset_type,Farms,Historical_Value_TZS,2025,64968911000,,TCDC/Ushirika statistics (ushirika.go.tz)
cooperatives,asset_type,Farms,Market_Value_TZS,2025,271484301989,,TCDC/Ushirika statistics (ushirika.go.tz)
cooperatives,asset_type,Industries,Count,2025,224,,TCDC/Ushirika statistics (ushirika.go.tz)
cooperatives,asset_type,Industries,Historical_Value_TZS,2025,33730415000,,TCDC/Ushirika statistics (ushirika.go.tz)
cooperatives,asset_type,Industries,Market_Value_TZS,2025,35675484425,,TCDC/Ushirika statistics (ushirika.go.tz)
cooperatives,asset_type,Intangible_Assets,Count,2025,94,,TCDC/Ushirika statistics (ushirika.go.tz)
cooperatives,asset_type,Intangible_Assets,Historical_Value_TZS,2025,0,,TCDC/Ushirika statistics (ushirika.go.tz)
cooperatives,asset_type,Intangible_Assets,Market_Value_TZS,2025,980603268,,TCDC/Ushirika statistics (ushirika.go.tz)
cooperatives,asset_type,Machinery,Count,2025,596,,TCDC/Ushirika statistics (ushirika.go.tz)
cooperatives,asset_type,Machinery,Historical_Value_TZS,2025,30093977611,,TCDC/Ushirika statistics (ushirika.go.tz)
cooperatives,asset_type,Machinery,Market_Value_TZS,2025,20586535485,,TCDC/Ushirika statistics (ushirika.go.tz)
cooperatives,asset_type,Plots,Count,2025,723,,TCDC/Ushirika statistics (ushirika.go.tz)
cooperatives,asset_type,Plots,Historical_Value_TZS,2025,35547695136,,TCDC/Ushirika statistics (ushirika.go.tz)
cooperatives,asset_type,Plots,Market_Value_TZS,2025,117715515851,,TCDC/Ushirika statistics (ushirika.go.tz)
cooperatives,asset_type,Vehicles,Count,2025,541,,TCDC/Ushirika statistics (ushirika.go.tz)
cooperatives,asset_type,Vehicles,Historical_Value_TZS,2025,14053983116,,TCDC/Ushirika statistics (ushirika.go.tz)
cooperatives,asset_type,Vehicles,Market_Value_TZS,2025,12292735809,,TCDC/Ushirika statistics (ushirika.go.tz)
cooperatives,asset_type,Warehouses,Count,2025,516,,TCDC/Ushirika statistics (ushirika.go.tz)
cooperatives,asset_type,Warehouses,Historical_Value_TZS,2025,40009837803,,TCDC/Ushirika statistics (ushirika.go.tz)
cooperatives,asset_type,Warehouses,Market_Value_TZS,2025,52603901588,,TCDC/Ushirika statistics (ushirika.go.tz)
cooperatives,asset_type,TOTAL,Count,2025,4348,,TCDC/Ushirika statistics (ushirika.go.tz)
cooperatives,asset_type,TOTAL,Historical_Value_TZS,2025,908042260043,,TCDC/Ushirika statistics (ushirika.go.tz)
cooperatives,asset_type,TOTAL,Market_Value_TZS,2025,1318807288055,,TCDC/Ushirika statistics (ushirika.go.tz)
demography,region,Arusha,Zone,2022,Mainland,,NBS 2022 Population & Housing Census
demography,region,Arusha,Capital,2022,Arusha,,NBS 2022 Population & Housing Census
demography,region,Arusha,Population_2022,2022,2356255,,NBS 2022 Population & Housing Census
demography,region,Arusha,Area_Km2,2022,37576,,NBS 2022 Population & Housing Census
demography,region,Arusha,Density_Per_Km2,2022,62.7,,NBS 2022 Population & Housing Census
demography,region,Dar es Salaam,Zone,2022,Mainland,,NBS 2022 Population & Housing Census
demography,region,Dar es Salaam,Capital,2022,Dar es Salaam,,NBS 2022 Population & Housing Census
demography,region,Dar es Salaam,Population_2022,2022,5383728,,NBS 2022 Population & Housing Census
demography,region,Dar es Salaam,Area_Km2,2022,1393,,NBS 2022 Population & Housing Census
demography,region,Dar es Salaam,Density_Per_Km2,2022,3864.8,,NBS 2022 Population & Housing Census
demography,region,Dodoma,Zone,2022,Mainland,,NBS 2022 Population & Housing Census
demography,region,Dodoma,Capital,2022,Dodoma,,NBS 2022 Population & Housing Census
demography,region,Dodoma,Population_2022,2022,3085625,,NBS 2022 Population & Housing Census
demography,region,Dodoma,Area_Km2,2022,41311,,NBS 2022 Population & Housing Census
demography,region,Dodoma,Density_Per_Km2,2022,74.7,,NBS 2022 Population & Housing Census
demography,region,Geita,Zone,2022,Mainland,,NBS 2022 Population & Housing Census
demography,region,Geita,Capital,2022,Geita,,NBS 2022 Population & Housing Census
demography,region,Geita,Population_2022,2022,2977608,,NBS 2022 Population & Housing Census
demography,region,Geita,Area_Km2,2022,20054,,NBS 2022 Population & Housing Census
demography,region,Geita,Density_Per_Km2,2022,148.5,,NBS 2022 Population & Housing Census
demography,region,Iringa,Zone,2022,Mainland,,NBS 2022 Population & Housing Census
demography,region,Iringa,Capital,2022,Iringa,,NBS 2022 Population & Housing Census
demography,region,Iringa,Population_2022,2022,1192728,,NBS 2022 Population & Housing Census
demography,region,Iringa,Area_Km2,2022,35503,,NBS 2022 Population & Housing Census
demography,region,Iringa,Density_Per_Km2,2022,33.6,,NBS 2022 Population & Housing Census
demography,region,Kagera,Zone,2022,Mainland,,NBS 2022 Population & Housing Census
demography,region,Kagera,Capital,2022,Bukoba,,NBS 2022 Population & Housing Census
demography,region,Kagera,Population_2022,2022,2989299,,NBS 2022 Population & Housing Census
demography,region,Kagera,Area_Km2,2022,25265,,NBS 2022 Population & Housing Census
demography,region,Kagera,Density_Per_Km2,2022,118.3,,NBS 2022 Population & Housing Census
demography,region,Katavi,Zone,2022,Mainland,,NBS 2022 Population & Housing Census
demography,region,Katavi,Capital,2022,Mpanda,,NBS 2022 Population & Housing Census
demography,region,Katavi,Population_2022,2022,1152958,,NBS 2022 Population & Housing Census
demography,region,Katavi,Area_Km2,2022,45843,,NBS 2022 Population & Housing Census
demography,region,Katavi,Density_Per_Km2,2022,25.2,,NBS 2022 Population & Housing Census
demography,region,Kigoma,Zone,2022,Mainland,,NBS 2022 Population & Housing Census
demography,region,Kigoma,Capital,2022,Kigoma,,NBS 2022 Population & Housing Census
demography,region,Kigoma,Population_2022,2022,2470967,,NBS 2022 Population & Housing Census
demography,region,Kigoma,Area_Km2,2022,45066,,NBS 2022 Population & Housing Census
demography,region,Kigoma,Density_Per_Km2,2022,54.8,,NBS 2022 Population & Housing Census
demography,region,Kilimanjaro,Zone,2022,Mainland,,NBS 2022 Population & Housing Census
demography,region,Kilimanjaro,Capital,2022,Moshi,,NBS 2022 Population & Housing Census
demography,region,Kilimanjaro,Population_2022,2022,1861934,,NBS 2022 Population & Housing Census
demography,region,Kilimanjaro,Area_Km2,2022,13250,,NBS 2022 Population & Housing Census
demography,region,Kilimanjaro,Density_Per_Km2,2022,140.5,,NBS 2022 Population & Housing Census
demography,region,Lindi,Zone,2022,Mainland,,NBS 2022 Population & Housing Census
demography,region,Lindi,Capital,2022,Lindi,,NBS 2022 Population & Housing Census
demography,region,Lindi,Population_2022,2022,1194028,,NBS 2022 Population & Housing Census
demography,region,Lindi,Area_Km2,2022,66669,,NBS 2022 Population & Housing Census
demography,region,Lindi,Density_Per_Km2,2022,17.9,,NBS 2022 Population & Housing Census
demography,region,Manyara,Zone,2022,Mainland,,NBS 2022 Population & Housing Census
demography,region,Manyara,Capital,2022,Babati,,NBS 2022 Population & Housing Census
demography,region,Manyara,Population_2022,2022,1892502,,NBS 2022 Population & Housing Census
demography,region,Manyara,Area_Km2,2022,44522,,NBS 2022 Population & Housing Census
demography,region,Manyara,Density_Per_Km2,2022,42.5,,NBS 2022 Population & Housing Census
demography,region,Mara,Zone,2022,Mainland,,NBS 2022 Population & Housing Census
demography,region,Mara,Capital,2022,Musoma,,NBS 2022 Population & Housing Census
demography,region,Mara,Population_2022,2022,2372015,,NBS 2022 Population & Housing Census
demography,region,Mara,Area_Km2,2022,21760,,NBS 2022 Population & Housing Census
demography,region,Mara,Density_Per_Km2,2022,109,,NBS 2022 Population & Housing Census
demography,region,Mbeya,Zone,2022,Mainland,,NBS 2022 Population & Housing Census
demography,region,Mbeya,Capital,2022,Mbeya,,NBS 2022 Population & Housing Census
demography,region,Mbeya,Population_2022,2022,2343754,,NBS 2022 Population & Housing Census
demography,region,Mbeya,Area_Km2,2022,35954,,NBS 2022 Population & Housing Census
demography,region,Mbeya,Density_Per_Km2,2022,65.2,,NBS 2022 Population & Housing Census
demography,region,Morogoro,Zone,2022,Mainland,,NBS 2022 Population & Housing Census
demography,region,Morogoro,Capital,2022,Morogoro,,NBS 2022 Population & Housing Census
demography,region,Morogoro,Population_2022,2022,3197104,,NBS 2022 Population & Housing Census
demography,region,Morogoro,Area_Km2,2022,70624,,NBS 2022 Population & Housing Census
demography,region,Morogoro,Density_Per_Km2,2022,45.3,,NBS 2022 Population & Housing Census
demography,region,Mtwara,Zone,2022,Mainland,,NBS 2022 Population & Housing Census
demography,region,Mtwara,Capital,2022,Mtwara,,NBS 2022 Population & Housing Census
demography,region,Mtwara,Population_2022,2022,1634947,,NBS 2022 Population & Housing Census
demography,region,Mtwara,Area_Km2,2022,16710,,NBS 2022 Population & Housing Census
demography,region,Mtwara,Density_Per_Km2,2022,97.8,,NBS 2022 Population & Housing Census
demography,region,Mwanza,Zone,2022,Mainland,,NBS 2022 Population & Housing Census
demography,region,Mwanza,Capital,2022,Mwanza,,NBS 2022 Population & Housing Census
demography,region,Mwanza,Population_2022,2022,3699872,,NBS 2022 Population & Housing Census
demography,region,Mwanza,Area_Km2,2022,9467,,NBS 2022 Population & Housing Census
demography,region,Mwanza,Density_Per_Km2,2022,390.8,,NBS 2022 Population & Housing Census
demography,region,Njombe,Zone,2022,Mainland,,NBS 2022 Population & Housing Census
demography,region,Njombe,Capital,2022,Njombe,,NBS 2022 Population & Housing Census
demography,region,Njombe,Population_2022,2022,889946,,NBS 2022 Population & Housing Census
demography,region,Njombe,Area_Km2,2022,21347,,NBS 2022 Population & Housing Census
demography,region,Njombe,Density_Per_Km2,2022,41.7,,NBS 2022 Population & Housing Census
demography,region,Pwani,Zone,2022,Mainland,,NBS 2022 Population & Housing Census
demography,region,Pwani,Capital,2022,Kibaha,,NBS 2022 Population & Housing Census
demography,region,Pwani,Population_2022,2022,2024947,,NBS 2022 Population & Housing Census
demography,region,Pwani,Area_Km2,2022,32547,,NBS 2022 Population & Housing Census
demography,region,Pwani,Density_Per_Km2,2022,62.2,,NBS 2022 Population & Housing Census
demography,region,Rukwa,Zone,2022,Mainland,,NBS 2022 Population & Housing Census
demography,region,Rukwa,Capital,2022,Sumbawanga,,NBS 2022 Population & Housing Census
demography,region,Rukwa,Population_2022,2022,1540519,,NBS 2022 Population & Housing Census
demography,region,Rukwa,Area_Km2,2022,22792,,NBS 2022 Population & Housing Census
demography,region,Rukwa,Density_Per_Km2,2022,67.6,,NBS 2022 Population & Housing Census
demography,region,Ruvuma,Zone,2022,Mainland,,NBS 2022 Population & Housing Census
demography,region,Ruvuma,Capital,2022,Songea,,NBS 2022 Population & Housing Census
demography,region,Ruvuma,Population_2022,2022,1848794,,NBS 2022 Population & Housing Census
demography,region,Ruvuma,Area_Km2,2022,63669,,NBS 2022 Population & Housing Census
demography,region,Ruvuma,Density_Per_Km2,2022,29,,NBS 2022 Population & Housing Census
demography,region,Shinyanga,Zone,2022,Mainland,,NBS 2022 Population & Housing Census
demography,region,Shinyanga,Capital,2022,Shinyanga,,NBS 2022 Population & Housing Census
demography,region,Shinyanga,Population_2022,2022,2241299,,NBS 2022 Population & Housing Census
demography,region,Shinyanga,Area_Km2,2022,18901,,NBS 2022 Population & Housing Census
demography,region,Shinyanga,Density_Per_Km2,2022,118.6,,NBS 2022 Population & Housing Census
demography,region,Simiyu,Zone,2022,Mainland,,NBS 2022 Population & Housing Census
demography,region,Simiyu,Capital,2022,Bariadi,,NBS 2022 Population & Housing Census
demography,region,Simiyu,Population_2022,2022,2140497,,NBS 2022 Population & Housing Census
demography,region,Simiyu,Area_Km2,2022,25212,,NBS 2022 Population & Housing Census
demography,region,Simiyu,Density_Per_Km2,2022,84.9,,NBS 2022 Population & Housing Census
demography,region,Singida,Zone,2022,Mainland,,NBS 2022 Population & Housing Census
demography,region,Singida,Capital,2022,Singida,,NBS 2022 Population & Housing Census
demography,region,Singida,Population_2022,2022,2008058,,NBS 2022 Population & Housing Census
demography,region,Singida,Area_Km2,2022,49340,,NBS 2022 Population & Housing Census
demography,region,Singida,Density_Per_Km2,2022,40.7,,NBS 2022 Population & Housing Census
demography,region,Songwe,Zone,2022,Mainland,,NBS 2022 Population & Housing Census
demography,region,Songwe,Capital,2022,Vwawa,,NBS 2022 Population & Housing Census
demography,region,Songwe,Population_2022,2022,1344687,,NBS 2022 Population & Housing Census
demography,region,Songwe,Area_Km2,2022,27656,,NBS 2022 Population & Housing Census
demography,region,Songwe,Density_Per_Km2,2022,48.6,,NBS 2022 Population & Housing Census
demography,region,Tabora,Zone,2022,Mainland,,NBS 2022 Population & Housing Census
demography,region,Tabora,Capital,2022,Tabora,,NBS 2022 Population & Housing Census
demography,region,Tabora,Population_2022,2022,3391679,,NBS 2022 Population & Housing Census
demography,region,Tabora,Area_Km2,2022,76151,,NBS 2022 Population & Housing Census
demography,region,Tabora,Density_Per_Km2,2022,44.5,,NBS 2022 Population & Housing Census
demography,region,Tanga,Zone,2022,Mainland,,NBS 2022 Population & Housing Census
demography,region,Tanga,Capital,2022,Tanga,,NBS 2022 Population & Housing Census
demography,region,Tanga,Population_2022,2022,2615597,,NBS 2022 Population & Housing Census
demography,region,Tanga,Area_Km2,2022,26667,,NBS 2022 Population & Housing Census
demography,region,Tanga,Density_Per_Km2,2022,98.1,,NBS 2022 Population & Housing Census
demography,region,Mjini Magharibi,Zone,2022,Zanzibar,,NBS 2022 Population & Housing Census
demography,region,Mjini Magharibi,Capital,2022,Zanzibar City,,NBS 2022 Population & Housing Census
demography,region,Mjini Magharibi,Population_2022,2022,893169,,NBS 2022 Population & Housing Census
demography,region,Mjini Magharibi,Area_Km2,2022,230,,NBS 2022 Population & Housing Census
demography,region,Mjini Magharibi,Density_Per_Km2,2022,3883.3,,NBS 2022 Population & Housing Census
demography,region,Kaskazini Pemba,Zone,2022,Zanzibar,,NBS 2022 Population & Housing Census
demography,region,Kaskazini Pemba,Capital,2022,Wete,,NBS 2022 Population & Housing Census
demography,region,Kaskazini Pemba,Population_2022,2022,272091,,NBS 2022 Population & Housing Census
demography,region,Kaskazini Pemba,Area_Km2,2022,574,,NBS 2022 Population & Housing Census
demography,region,Kaskazini Pemba,Density_Per_Km2,2022,474,,NBS 2022 Population & Housing Census
demography,region,Kusini Pemba,Zone,2022,Zanzibar,,NBS 2022 Population & Housing Census
demography,region,Kusini Pemba,Capital,2022,Chake-Chake,,NBS 2022 Population & Housing Census
demography,region,Kusini Pemba,Population_2022,2022,271350,,NBS 2022 Population & Housing Census
demography,region,Kusini Pemba,Area_Km2,2022,332,,NBS 2022 Population & Housing Census
demography,region,Kusini Pemba,Density_Per_Km2,2022,817.3,,NBS 2022 Population & Housing Census
demography,region,Kaskazini Unguja,Zone,2022,Zanzibar,,NBS 2022 Population & Housing Census
demography,region,Kaskazini Unguja,Capital,2022,Mkokotoni,,NBS 2022 Population & Housing Census
demography,region,Kaskazini Unguja,Population_2022,2022,257290,,NBS 2022 Population & Housing Census
demography,region,Kaskazini Unguja,Area_Km2,2022,470,,NBS 2022 Population & Housing Census
demography,region,Kaskazini Unguja,Density_Per_Km2,2022,547.4,,NBS 2022 Population & Housing Census
demography,region,Kusini Unguja,Zone,2022,Zanzibar,,NBS 2022 Population & Housing Census
demography,region,Kusini Unguja,Capital,2022,Koani,,NBS 2022 Population & Housing Census
demography,region,Kusini Unguja,Population_2022,2022,195873,,NBS 2022 Population & Housing Census
demography,region,Kusini Unguja,Area_Km2,2022,854,,NBS 2022 Population & Housing Census
demography,region,Kusini Unguja,Density_Per_Km2,2022,229.4,,NBS 2022 Population & Housing Census
impact_poverty,region,Dodoma,Basic_Needs_Poverty_Incidence_Pct,2017/18,23.2,,NBS Household Budget Survey 2017/18 Key Indicators Report
impact_poverty,region,Dodoma,Basic_Needs_Poverty_Gap_Pct,2017/18,4.1,,NBS Household Budget Survey 2017/18 Key Indicators Report
impact_poverty,region,Dodoma,Basic_Needs_Poverty_Severity_Pct,2017/18,1.2,,NBS Household Budget Survey 2017/18 Key Indicators Report
impact_poverty,region,Dodoma,Food_Poverty_Incidence_Pct,2017/18,3.7,,NBS Household Budget Survey 2017/18 Key Indicators Report
impact_poverty,region,Dodoma,Food_Poverty_Gap_Pct,2017/18,0.7,,NBS Household Budget Survey 2017/18 Key Indicators Report
impact_poverty,region,Dodoma,Food_Poverty_Severity_Pct,2017/18,0.2,,NBS Household Budget Survey 2017/18 Key Indicators Report
impact_poverty,region,Arusha,Basic_Needs_Poverty_Incidence_Pct,2017/18,24.7,,NBS Household Budget Survey 2017/18 Key Indicators Report
impact_poverty,region,Arusha,Basic_Needs_Poverty_Gap_Pct,2017/18,5.8,,NBS Household Budget Survey 2017/18 Key Indicators Report
impact_poverty,region,Arusha,Basic_Needs_Poverty_Severity_Pct,2017/18,1.9,,NBS Household Budget Survey 2017/18 Key Indicators Report
impact_poverty,region,Arusha,Food_Poverty_Incidence_Pct,2017/18,7.6,,NBS Household Budget Survey 2017/18 Key Indicators Report
impact_poverty,region,Arusha,Food_Poverty_Gap_Pct,2017/18,1.2,,NBS Household Budget Survey 2017/18 Key Indicators Report
impact_poverty,region,Arusha,Food_Poverty_Severity_Pct,2017/18,0.3,,NBS Household Budget Survey 2017/18 Key Indicators Report
impact_poverty,region,Kilimanjaro,Basic_Needs_Poverty_Incidence_Pct,2017/18,10.5,,NBS Household Budget Survey 2017/18 Key Indicators Report
impact_poverty,region,Kilimanjaro,Basic_Needs_Poverty_Gap_Pct,2017/18,1.7,,NBS Household Budget Survey 2017/18 Key Indicators Report
impact_poverty,region,Kilimanjaro,Basic_Needs_Poverty_Severity_Pct,2017/18,0.4,,NBS Household Budget Survey 2017/18 Key Indicators Report
impact_poverty,region,Kilimanjaro,Food_Poverty_Incidence_Pct,2017/18,2.1,,NBS Household Budget Survey 2017/18 Key Indicators Report
impact_poverty,region,Kilimanjaro,Food_Poverty_Gap_Pct,2017/18,0.2,,NBS Household Budget Survey 2017/18 Key Indicators Report
impact_poverty,region,Kilimanjaro,Food_Poverty_Severity_Pct,2017/18,0,,NBS Household Budget Survey 2017/18 Key Indicators Report
impact_poverty,region,Tanga,Basic_Needs_Poverty_Incidence_Pct,2017/18,21,,NBS Household Budget Survey 2017/18 Key Indicators Report
impact_poverty,region,Tanga,Basic_Needs_Poverty_Gap_Pct,2017/18,5.1,,NBS Household Budget Survey 2017/18 Key Indicators Report
impact_poverty,region,Tanga,Basic_Needs_Poverty_Severity_Pct,2017/18,1.7,,NBS Household Budget Survey 2017/18 Key Indicators Report
impact_poverty,region,Tanga,Food_Poverty_Incidence_Pct,2017/18,8,,NBS Household Budget Survey 2017/18 Key Indicators Report
impact_poverty,region,Tanga,Food_Poverty_Gap_Pct,2017/18,1,,NBS Household Budget Survey 2017/18 Key Indicators Report
impact_poverty,region,Tanga,Food_Poverty_Severity_Pct,2017/18,0.2,,NBS Household Budget Survey 2017/18 Key Indicators Report
impact_poverty,region,Morogoro,Basic_Needs_Poverty_Incidence_Pct,2017/18,19.3,,NBS Household Budget Survey 2017/18 Key Indicators Report
impact_poverty,region,Morogoro,Basic_Needs_Poverty_Gap_Pct,2017/18,3.7,,NBS Household Budget Survey 2017/18 Key Indicators Report
impact_poverty,region,Morogoro,Basic_Needs_Poverty_Severity_Pct,2017/18,1.1,,NBS Household Budget Survey 2017/18 Key Indicators Report
impact_poverty,region,Morogoro,Food_Poverty_Incidence_Pct,2017/18,4.3,,NBS Household Budget Survey 2017/18 Key Indicators Report
impact_poverty,region,Morogoro,Food_Poverty_Gap_Pct,2017/18,0.5,,NBS Household Budget Survey 2017/18 Key Indicators Report
impact_poverty,region,Morogoro,Food_Poverty_Severity_Pct,2017/18,0.1,,NBS Household Budget Survey 2017/18 Key Indicators Report
impact_poverty,region,Pwani,Basic_Needs_Poverty_Incidence_Pct,2017/18,27.9,,NBS Household Budget Survey 2017/18 Key Indicators Report
impact_poverty,region,Pwani,Basic_Needs_Poverty_Gap_Pct,2017/18,8.7,,NBS Household Budget Survey 2017/18 Key Indicators Report
impact_poverty,region,Pwani,Basic_Needs_Poverty_Severity_Pct,2017/18,3.7,,NBS Household Budget Survey 2017/18 Key Indicators Report
impact_poverty,region,Pwani,Food_Poverty_Incidence_Pct,2017/18,12.1,,NBS Household Budget Survey 2017/18 Key Indicators Report
impact_poverty,region,Pwani,Food_Poverty_Gap_Pct,2017/18,3.1,,NBS Household Budget Survey 2017/18 Key Indicators Report
impact_poverty,region,Pwani,Food_Poverty_Severity_Pct,2017/18,1.1,,NBS Household Budget Survey 2017/18 Key Indicators Report
impact_poverty,region,Dar es Salaam,Basic_Needs_Poverty_Incidence_Pct,2017/18,8,,NBS Household Budget Survey 2017/18 Key Indicators Report
impact_poverty,region,Dar es Salaam,Basic_Needs_Poverty_Gap_Pct,2017/18,2,,NBS Household Budget Survey 2017/18 Key Indicators Report
impact_poverty,region,Dar es Salaam,Basic_Needs_Poverty_Severity_Pct,2017/18,0.7,,NBS Household Budget Survey 2017/18 Key Indicators Report
impact_poverty,region,Dar es Salaam,Food_Poverty_Incidence_Pct,2017/18,2.3,,NBS Household Budget Survey 2017/18 Key Indicators Report
impact_poverty,region,Dar es Salaam,Food_Poverty_Gap_Pct,2017/18,0.5,,NBS Household Budget Survey 2017/18 Key Indicators Report
impact_poverty,region,Dar es Salaam,Food_Poverty_Severity_Pct,2017/18,0.1,,NBS Household Budget Survey 2017/18 Key Indicators Report
impact_poverty,region,Lindi,Basic_Needs_Poverty_Incidence_Pct,2017/18,38,,NBS Household Budget Survey 2017/18 Key Indicators Report
impact_poverty,region,Lindi,Basic_Needs_Poverty_Gap_Pct,2017/18,9.6,,NBS Household Budget Survey 2017/18 Key Indicators Report
impact_poverty,region,Lindi,Basic_Needs_Poverty_Severity_Pct,2017/18,3.3,,NBS Household Budget Survey 2017/18 Key Indicators Report
impact_poverty,region,Lindi,Food_Poverty_Incidence_Pct,2017/18,15.3,,NBS Household Budget Survey 2017/18 Key Indicators Report
impact_poverty,region,Lindi,Food_Poverty_Gap_Pct,2017/18,2.2,,NBS Household Budget Survey 2017/18 Key Indicators Report
impact_poverty,region,Lindi,Food_Poverty_Severity_Pct,2017/18,0.5,,NBS Household Budget Survey 2017/18 Key Indicators Report
impact_poverty,region,Mtwara,Basic_Needs_Poverty_Incidence_Pct,2017/18,29.1,,NBS Household Budget Survey 2017/18 Key Indicators Report
impact_poverty,region,Mtwara,Basic_Needs_Poverty_Gap_Pct,2017/18,5.9,,NBS Household Budget Survey 2017/18 Key Indicators Report
impact_poverty,region,Mtwara,Basic_Needs_Poverty_Severity_Pct,2017/18,2.1,,NBS Household Budget Survey 2017/18 Key Indicators Report
impact_poverty,region,Mtwara,Food_Poverty_Incidence_Pct,2017/18,9,,NBS Household Budget Survey 2017/18 Key Indicators Report
impact_poverty,region,Mtwara,Food_Poverty_Gap_Pct,2017/18,1.6,,NBS Household Budget Survey 2017/18 Key Indicators Report
impact_poverty,region,Mtwara,Food_Poverty_Severity_Pct,2017/18,0.4,,NBS Household Budget Survey 2017/18 Key Indicators Report
impact_poverty,region,Ruvuma,Basic_Needs_Poverty_Incidence_Pct,2017/18,30.6,,NBS Household Budget Survey 2017/18 Key Indicators Report
impact_poverty,region,Ruvuma,Basic_Needs_Poverty_Gap_Pct,2017/18,6.7,,NBS Household Budget Survey 2017/18 Key Indicators Report
impact_poverty,region,Ruvuma,Basic_Needs_Poverty_Severity_Pct,2017/18,2.1,,NBS Household Budget Survey 2017/18 Key Indicators Report
impact_poverty,region,Ruvuma,Food_Poverty_Incidence_Pct,2017/18,6.6,,NBS Household Budget Survey 2017/18 Key Indicators Report
impact_poverty,region,Ruvuma,Food_Poverty_Gap_Pct,2017/18,1,,NBS Household Budget Survey 2017/18 Key Indicators Report
impact_poverty,region,Ruvuma,Food_Poverty_Severity_Pct,2017/18,0.3,,NBS Household Budget Survey 2017/18 Key Indicators Report
impact_poverty,region,Iringa,Basic_Needs_Poverty_Incidence_Pct,2017/18,24,,NBS Household Budget Survey 2017/18 Key Indicators Report
impact_poverty,region,Iringa,Basic_Needs_Poverty_Gap_Pct,2017/18,5.6,,NBS Household Budget Survey 2017/18 Key Indicators Report
impact_poverty,region,Iringa,Basic_Needs_Poverty_Severity_Pct,2017/18,1.9,,NBS Household Budget Survey 2017/18 Key Indicators Report
impact_poverty,region,Iringa,Food_Poverty_Incidence_Pct,2017/18,8,,NBS Household Budget Survey 2017/18 Key Indicators Report
impact_poverty,region,Iringa,Food_Poverty_Gap_Pct,2017/18,1.1,,NBS Household Budget Survey 2017/18 Key Indicators Report
impact_poverty,region,Iringa,Food_Poverty_Severity_Pct,2017/18,0.3,,NBS Household Budget Survey 2017/18 Key Indicators Report
impact_poverty,region,Mbeya,Basic_Needs_Poverty_Incidence_Pct,2017/18,21.4,,NBS Household Budget Survey 2017/18 Key Indicators Report
impact_poverty,region,Mbeya,Basic_Needs_Poverty_Gap_Pct,2017/18,5,,NBS Household Budget Survey 2017/18 Key Indicators Report
impact_poverty,region,Mbeya,Basic_Needs_Poverty_Severity_Pct,2017/18,1.8,,NBS Household Budget Survey 2017/18 Key Indicators Report
impact_poverty,region,Mbeya,Food_Poverty_Incidence_Pct,2017/18,7.7,,NBS Household Budget Survey 2017/18 Key Indicators Report
impact_poverty,region,Mbeya,Food_Poverty_Gap_Pct,2017/18,1.2,,NBS Household Budget Survey 2017/18 Key Indicators Report
impact_poverty,region,Mbeya,Food_Poverty_Severity_Pct,2017/18,0.3,,NBS Household Budget Survey 2017/18 Key Indicators Report
impact_poverty,region,Singida,Basic_Needs_Poverty_Incidence_Pct,2017/18,34,,NBS Household Budget Survey 2017/18 Key Indicators Report
impact_poverty,region,Singida,Basic_Needs_Poverty_Gap_Pct,2017/18,7.4,,NBS Household Budget Survey 2017/18 Key Indicators Report
impact_poverty,region,Singida,Basic_Needs_Poverty_Severity_Pct,2017/18,2.3,,NBS Household Budget Survey 2017/18 Key Indicators Report
impact_poverty,region,Singida,Food_Poverty_Incidence_Pct,2017/18,9.3,,NBS Household Budget Survey 2017/18 Key Indicators Report
impact_poverty,region,Singida,Food_Poverty_Gap_Pct,2017/18,1.3,,NBS Household Budget Survey 2017/18 Key Indicators Report
impact_poverty,region,Singida,Food_Poverty_Severity_Pct,2017/18,0.3,,NBS Household Budget Survey 2017/18 Key Indicators Report
impact_poverty,region,Tabora,Basic_Needs_Poverty_Incidence_Pct,2017/18,34.5,,NBS Household Budget Survey 2017/18 Key Indicators Report
impact_poverty,region,Tabora,Basic_Needs_Poverty_Gap_Pct,2017/18,8.3,,NBS Household Budget Survey 2017/18 Key Indicators Report
impact_poverty,region,Tabora,Basic_Needs_Poverty_Severity_Pct,2017/18,2.8,,NBS Household Budget Survey 2017/18 Key Indicators Report
impact_poverty,region,Tabora,Food_Poverty_Incidence_Pct,2017/18,11.1,,NBS Household Budget Survey 2017/18 Key Indicators Report
impact_poverty,region,Tabora,Food_Poverty_Gap_Pct,2017/18,1.7,,NBS Household Budget Survey 2017/18 Key Indicators Report
impact_poverty,region,Tabora,Food_Poverty_Severity_Pct,2017/18,0.4,,NBS Household Budget Survey 2017/18 Key Indicators Report
impact_poverty,region,Rukwa,Basic_Needs_Poverty_Incidence_Pct,2017/18,45,,NBS Household Budget Survey 2017/18 Key Indicators Report
impact_poverty,region,Rukwa,Basic_Needs_Poverty_Gap_Pct,2017/18,12.9,,NBS Household Budget Survey 2017/18 Key Indicators Report
impact_poverty,region,Rukwa,Basic_Needs_Poverty_Severity_Pct,2017/18,4.8,,NBS Household Budget Survey 2017/18 Key Indicators Report
impact_poverty,region,Rukwa,Food_Poverty_Incidence_Pct,2017/18,19.8,,NBS Household Budget Survey 2017/18 Key Indicators Report
impact_poverty,region,Rukwa,Food_Poverty_Gap_Pct,2017/18,3.4,,NBS Household Budget Survey 2017/18 Key Indicators Report
impact_poverty,region,Rukwa,Food_Poverty_Severity_Pct,2017/18,0.9,,NBS Household Budget Survey 2017/18 Key Indicators Report
impact_poverty,region,Kigoma,Basic_Needs_Poverty_Incidence_Pct,2017/18,34.5,,NBS Household Budget Survey 2017/18 Key Indicators Report
impact_poverty,region,Kigoma,Basic_Needs_Poverty_Gap_Pct,2017/18,10.1,,NBS Household Budget Survey 2017/18 Key Indicators Report
impact_poverty,region,Kigoma,Basic_Needs_Poverty_Severity_Pct,2017/18,4.4,,NBS Household Budget Survey 2017/18 Key Indicators Report
impact_poverty,region,Kigoma,Food_Poverty_Incidence_Pct,2017/18,14.2,,NBS Household Budget Survey 2017/18 Key Indicators Report
impact_poverty,region,Kigoma,Food_Poverty_Gap_Pct,2017/18,3.8,,NBS Household Budget Survey 2017/18 Key Indicators Report
impact_poverty,region,Kigoma,Food_Poverty_Severity_Pct,2017/18,1.5,,NBS Household Budget Survey 2017/18 Key Indicators Report
impact_poverty,region,Shinyanga,Basic_Needs_Poverty_Incidence_Pct,2017/18,31.9,,NBS Household Budget Survey 2017/18 Key Indicators Report
impact_poverty,region,Shinyanga,Basic_Needs_Poverty_Gap_Pct,2017/18,6.7,,NBS Household Budget Survey 2017/18 Key Indicators Report
impact_poverty,region,Shinyanga,Basic_Needs_Poverty_Severity_Pct,2017/18,2.1,,NBS Household Budget Survey 2017/18 Key Indicators Report
impact_poverty,region,Shinyanga,Food_Poverty_Incidence_Pct,2017/18,8.2,,NBS Household Budget Survey 2017/18 Key Indicators Report
impact_poverty,region,Shinyanga,Food_Poverty_Gap_Pct,2017/18,1.2,,NBS Household Budget Survey 2017/18 Key Indicators Report
impact_poverty,region,Shinyanga,Food_Poverty_Severity_Pct,2017/18,0.3,,NBS Household Budget Survey 2017/18 Key Indicators Report
impact_poverty,region,Kagera,Basic_Needs_Poverty_Incidence_Pct,2017/18,31.9,,NBS Household Budget Survey 2017/18 Key Indicators Report
impact_poverty,region,Kagera,Basic_Needs_Poverty_Gap_Pct,2017/18,8.3,,NBS Household Budget Survey 2017/18 Key Indicators Report
impact_poverty,region,Kagera,Basic_Needs_Poverty_Severity_Pct,2017/18,3.2,,NBS Household Budget Survey 2017/18 Key Indicators Report
impact_poverty,region,Kagera,Food_Poverty_Incidence_Pct,2017/18,12,,NBS Household Budget Survey 2017/18 Key Indicators Report
impact_poverty,region,Kagera,Food_Poverty_Gap_Pct,2017/18,2.5,,NBS Household Budget Survey 2017/18 Key Indicators Report
impact_poverty,region,Kagera,Food_Poverty_Severity_Pct,2017/18,0.7,,NBS Household Budget Survey 2017/18 Key Indicators Report
impact_poverty,region,Mwanza,Basic_Needs_Poverty_Incidence_Pct,2017/18,34.6,,NBS Household Budget Survey 2017/18 Key Indicators Report
impact_poverty,region,Mwanza,Basic_Needs_Poverty_Gap_Pct,2017/18,7.8,,NBS Household Budget Survey 2017/18 Key Indicators Report
impact_poverty,region,Mwanza,Basic_Needs_Poverty_Severity_Pct,2017/18,2.6,,NBS Household Budget Survey 2017/18 Key Indicators Report
impact_poverty,region,Mwanza,Food_Poverty_Incidence_Pct,2017/18,9.4,,NBS Household Budget Survey 2017/18 Key Indicators Report
impact_poverty,region,Mwanza,Food_Poverty_Gap_Pct,2017/18,1.4,,NBS Household Budget Survey 2017/18 Key Indicators Report
impact_poverty,region,Mwanza,Food_Poverty_Severity_Pct,2017/18,0.3,,NBS Household Budget Survey 2017/18 Key Indicators Report
impact_poverty,region,Mara,Basic_Needs_Poverty_Incidence_Pct,2017/18,23.2,,NBS Household Budget Survey 2017/18 Key Indicators Report
impact_poverty,region,Mara,Basic_Needs_Poverty_Gap_Pct,2017/18,4.2,,NBS Household Budget Survey 2017/18 Key Indicators Report
impact_poverty,region,Mara,Basic_Needs_Poverty_Severity_Pct,2017/18,1.1,,NBS Household Budget Survey 2017/18 Key Indicators Report
impact_poverty,region,Mara,Food_Poverty_Incidence_Pct,2017/18,2.2,,NBS Household Budget Survey 2017/18 Key Indicators Report
impact_poverty,region,Mara,Food_Poverty_Gap_Pct,2017/18,0.4,,NBS Household Budget Survey 2017/18 Key Indicators Report
impact_poverty,region,Mara,Food_Poverty_Severity_Pct,2017/18,0.1,,NBS Household Budget Survey 2017/18 Key Indicators Report
impact_poverty,region,Manyara,Basic_Needs_Poverty_Incidence_Pct,2017/18,30.5,,NBS Household Budget Survey 2017/18 Key Indicators Report
impact_poverty,region,Manyara,Basic_Needs_Poverty_Gap_Pct,2017/18,6.5,,NBS Household Budget Survey 2017/18 Key Indicators Report
impact_poverty,region,Manyara,Basic_Needs_Poverty_Severity_Pct,2017/18,2.1,,NBS Household Budget Survey 2017/18 Key Indicators Report
impact_poverty,region,Manyara,Food_Poverty_Incidence_Pct,2017/18,8,,NBS Household Budget Survey 2017/18 Key Indicators Report
impact_poverty,region,Manyara,Food_Poverty_Gap_Pct,2017/18,1.2,,NBS Household Budget Survey 2017/18 Key Indicators Report
impact_poverty,region,Manyara,Food_Poverty_Severity_Pct,2017/18,0.4,,NBS Household Budget Survey 2017/18 Key Indicators Report
impact_poverty,region,Njombe,Basic_Needs_Poverty_Incidence_Pct,2017/18,13.2,,NBS Household Budget Survey 2017/18 Key Indicators Report
impact_poverty,region,Njombe,Basic_Needs_Poverty_Gap_Pct,2017/18,2.4,,NBS Household Budget Survey 2017/18 Key Indicators Report
impact_poverty,region,Njombe,Basic_Needs_Poverty_Severity_Pct,2017/18,0.8,,NBS Household Budget Survey 2017/18 Key Indicators Report
impact_poverty,region,Njombe,Food_Poverty_Incidence_Pct,2017/18,3.3,,NBS Household Budget Survey 2017/18 Key Indicators Report
impact_poverty,region,Njombe,Food_Poverty_Gap_Pct,2017/18,0.7,,NBS Household Budget Survey 2017/18 Key Indicators Report
impact_poverty,region,Njombe,Food_Poverty_Severity_Pct,2017/18,0.1,,NBS Household Budget Survey 2017/18 Key Indicators Report
impact_poverty,region,Katavi,Basic_Needs_Poverty_Incidence_Pct,2017/18,29,,NBS Household Budget Survey 2017/18 Key Indicators Report
impact_poverty,region,Katavi,Basic_Needs_Poverty_Gap_Pct,2017/18,6.7,,NBS Household Budget Survey 2017/18 Key Indicators Report
impact_poverty,region,Katavi,Basic_Needs_Poverty_Severity_Pct,2017/18,2.1,,NBS Household Budget Survey 2017/18 Key Indicators Report
impact_poverty,region,Katavi,Food_Poverty_Incidence_Pct,2017/18,9.2,,NBS Household Budget Survey 2017/18 Key Indicators Report
impact_poverty,region,Katavi,Food_Poverty_Gap_Pct,2017/18,1.1,,NBS Household Budget Survey 2017/18 Key Indicators Report
impact_poverty,region,Katavi,Food_Poverty_Severity_Pct,2017/18,0.2,,NBS Household Budget Survey 2017/18 Key Indicators Report
impact_poverty,region,Simiyu,Basic_Needs_Poverty_Incidence_Pct,2017/18,39.2,,NBS Household Budget Survey 2017/18 Key Indicators Report
impact_poverty,region,Simiyu,Basic_Needs_Poverty_Gap_Pct,2017/18,8.2,,NBS Household Budget Survey 2017/18 Key Indicators Report
impact_poverty,region,Simiyu,Basic_Needs_Poverty_Severity_Pct,2017/18,2.3,,NBS Household Budget Survey 2017/18 Key Indicators Report
impact_poverty,region,Simiyu,Food_Poverty_Incidence_Pct,2017/18,7.5,,NBS Household Budget Survey 2017/18 Key Indicators Report
impact_poverty,region,Simiyu,Food_Poverty_Gap_Pct,2017/18,0.9,,NBS Household Budget Survey 2017/18 Key Indicators Report
impact_poverty,region,Simiyu,Food_Poverty_Severity_Pct,2017/18,0.2,,NBS Household Budget Survey 2017/18 Key Indicators Report
impact_poverty,region,Geita,Basic_Needs_Poverty_Incidence_Pct,2017/18,37.5,,NBS Household Budget Survey 2017/18 Key Indicators Report
impact_poverty,region,Geita,Basic_Needs_Poverty_Gap_Pct,2017/18,9.9,,NBS Household Budget Survey 2017/18 Key Indicators Report
impact_poverty,region,Geita,Basic_Needs_Poverty_Severity_Pct,2017/18,3.8,,NBS Household Budget Survey 2017/18 Key Indicators Report
impact_poverty,region,Geita,Food_Poverty_Incidence_Pct,2017/18,14.5,,NBS Household Budget Survey 2017/18 Key Indicators Report
impact_poverty,region,Geita,Food_Poverty_Gap_Pct,2017/18,2.9,,NBS Household Budget Survey 2017/18 Key Indicators Report
impact_poverty,region,Geita,Food_Poverty_Severity_Pct,2017/18,0.9,,NBS Household Budget Survey 2017/18 Key Indicators Report
impact_poverty,region,Songwe,Basic_Needs_Poverty_Incidence_Pct,2017/18,20.7,,NBS Household Budget Survey 2017/18 Key Indicators Report
impact_poverty,region,Songwe,Basic_Needs_Poverty_Gap_Pct,2017/18,4.4,,NBS Household Budget Survey 2017/18 Key Indicators Report
impact_poverty,region,Songwe,Basic_Needs_Poverty_Severity_Pct,2017/18,1.4,,NBS Household Budget Survey 2017/18 Key Indicators Report
impact_poverty,region,Songwe,Food_Poverty_Incidence_Pct,2017/18,5.6,,NBS Household Budget Survey 2017/18 Key Indicators Report
impact_poverty,region,Songwe,Food_Poverty_Gap_Pct,2017/18,0.7,,NBS Household Budget Survey 2017/18 Key Indicators Report
impact_poverty,region,Songwe,Food_Poverty_Severity_Pct,2017/18,0.3,,NBS Household Budget Survey 2017/18 Key Indicators Report
impact_poverty,region,TOTAL,Basic_Needs_Poverty_Incidence_Pct,2017/18,26.4,,NBS Household Budget Survey 2017/18 Key Indicators Report
impact_poverty,region,TOTAL,Basic_Needs_Poverty_Gap_Pct,2017/18,6.2,,NBS Household Budget Survey 2017/18 Key Indicators Report
impact_poverty,region,TOTAL,Basic_Needs_Poverty_Severity_Pct,2017/18,2.1,,NBS Household Budget Survey 2017/18 Key Indicators Report
impact_poverty,region,TOTAL,Food_Poverty_Incidence_Pct,2017/18,8,,NBS Household Budget Survey 2017/18 Key Indicators Report
impact_poverty,region,TOTAL,Food_Poverty_Gap_Pct,2017/18,1.4,,NBS Household Budget Survey 2017/18 Key Indicators Report
impact_poverty,region,TOTAL,Food_Poverty_Severity_Pct,2017/18,0.4,,NBS Household Budget Survey 2017/18 Key Indicators Report
finance_access,region,Dar es Salaam,Banked_Pct_2023,2023,45,,FinScope Tanzania 2023 (FSDT/BoT/NBS)
finance_access,region,Dar es Salaam,Other_Formal_Pct_2023,2023,48,,FinScope Tanzania 2023 (FSDT/BoT/NBS)
finance_access,region,Dar es Salaam,Informal_Only_Pct_2023,2023,1,,FinScope Tanzania 2023 (FSDT/BoT/NBS)
finance_access,region,Dar es Salaam,Financially_Excluded_Pct_2023,2023,6,,FinScope Tanzania 2023 (FSDT/BoT/NBS)
finance_access,region,Dar es Salaam,Formal_Inclusion_Pct_2023,2023,93,,FinScope Tanzania 2023 (FSDT/BoT/NBS)
finance_access,region,Dar es Salaam,Formal_Inclusion_Pct_2017,2023,93,,FinScope Tanzania 2023 (FSDT/BoT/NBS)
finance_access,region,Dar es Salaam,Formal_Inclusion_Change_Pts,2023,0,,FinScope Tanzania 2023 (FSDT/BoT/NBS)
finance_access,region,Dar es Salaam,Data_Note,2023,excluded adjusted to sum 100 (extraction ambiguity),,FinScope Tanzania 2023 (FSDT/BoT/NBS)
finance_access,region,Pwani,Banked_Pct_2023,2023,25,,FinScope Tanzania 2023 (FSDT/BoT/NBS)
finance_access,region,Pwani,Other_Formal_Pct_2023,2023,62,,FinScope Tanzania 2023 (FSDT/BoT/NBS)
finance_access,region,Pwani,Informal_Only_Pct_2023,2023,3,,FinScope Tanzania 2023 (FSDT/BoT/NBS)
finance_access,region,Pwani,Financially_Excluded_Pct_2023,2023,10,,FinScope Tanzania 2023 (FSDT/BoT/NBS)
finance_access,region,Pwani,Formal_Inclusion_Pct_2023,2023,87,,FinScope Tanzania 2023 (FSDT/BoT/NBS)
finance_access,region,Pwani,Formal_Inclusion_Pct_2017,2023,73,,FinScope Tanzania 2023 (FSDT/BoT/NBS)
finance_access,region,Pwani,Formal_Inclusion_Change_Pts,2023,14,,FinScope Tanzania 2023 (FSDT/BoT/NBS)
finance_access,region,Mbeya,Banked_Pct_2023,2023,27,,FinScope Tanzania 2023 (FSDT/BoT/NBS)
finance_access,region,Mbeya,Other_Formal_Pct_2023,2023,57,,FinScope Tanzania 2023 (FSDT/BoT/NBS)
finance_access,region,Mbeya,Informal_Only_Pct_2023,2023,3,,FinScope Tanzania 2023 (FSDT/BoT/NBS)
finance_access,region,Mbeya,Financially_Excluded_Pct_2023,2023,13,,FinScope Tanzania 2023 (FSDT/BoT/NBS)
finance_access,region,Mbeya,Formal_Inclusion_Pct_2023,2023,84,,FinScope Tanzania 2023 (FSDT/BoT/NBS)
finance_access,region,Mbeya,Formal_Inclusion_Pct_2017,2023,63,,FinScope Tanzania 2023 (FSDT/BoT/NBS)
finance_access,region,Mbeya,Formal_Inclusion_Change_Pts,2023,21,,FinScope Tanzania 2023 (FSDT/BoT/NBS)
finance_access,region,Mwanza,Banked_Pct_2023,2023,20,,FinScope Tanzania 2023 (FSDT/BoT/NBS)
finance_access,region,Mwanza,Other_Formal_Pct_2023,2023,62,,FinScope Tanzania 2023 (FSDT/BoT/NBS)
finance_access,region,Mwanza,Informal_Only_Pct_2023,2023,4,,FinScope Tanzania 2023 (FSDT/BoT/NBS)
finance_access,region,Mwanza,Financially_Excluded_Pct_2023,2023,14,,FinScope Tanzania 2023 (FSDT/BoT/NBS)
finance_access,region,Mwanza,Formal_Inclusion_Pct_2023,2023,82,,FinScope Tanzania 2023 (FSDT/BoT/NBS)
finance_access,region,Mwanza,Formal_Inclusion_Pct_2017,2023,69,,FinScope Tanzania 2023 (FSDT/BoT/NBS)
finance_access,region,Mwanza,Formal_Inclusion_Change_Pts,2023,13,,FinScope Tanzania 2023 (FSDT/BoT/NBS)
finance_access,region,Arusha,Banked_Pct_2023,2023,34,,FinScope Tanzania 2023 (FSDT/BoT/NBS)
finance_access,region,Arusha,Other_Formal_Pct_2023,2023,48,,FinScope Tanzania 2023 (FSDT/BoT/NBS)
finance_access,region,Arusha,Informal_Only_Pct_2023,2023,3,,FinScope Tanzania 2023 (FSDT/BoT/NBS)
finance_access,region,Arusha,Financially_Excluded_Pct_2023,2023,15,,FinScope Tanzania 2023 (FSDT/BoT/NBS)
finance_access,region,Arusha,Formal_Inclusion_Pct_2023,2023,82,,FinScope Tanzania 2023 (FSDT/BoT/NBS)
finance_access,region,Arusha,Formal_Inclusion_Pct_2017,2023,74,,FinScope Tanzania 2023 (FSDT/BoT/NBS)
finance_access,region,Arusha,Formal_Inclusion_Change_Pts,2023,8,,FinScope Tanzania 2023 (FSDT/BoT/NBS)
finance_access,region,Mara,Banked_Pct_2023,2023,22,,FinScope Tanzania 2023 (FSDT/BoT/NBS)
finance_access,region,Mara,Other_Formal_Pct_2023,2023,60,,FinScope Tanzania 2023 (FSDT/BoT/NBS)
finance_access,region,Mara,Informal_Only_Pct_2023,2023,5,,FinScope Tanzania 2023 (FSDT/BoT/NBS)
finance_access,region,Mara,Financially_Excluded_Pct_2023,2023,13,,FinScope Tanzania 2023 (FSDT/BoT/NBS)
finance_access,region,Mara,Formal_Inclusion_Pct_2023,2023,82,,FinScope Tanzania 2023 (FSDT/BoT/NBS)
finance_access,region,Mara,Formal_Inclusion_Pct_2017,2023,56,,FinScope Tanzania 2023 (FSDT/BoT/NBS)
finance_access,region,Mara,Formal_Inclusion_Change_Pts,2023,26,,FinScope Tanzania 2023 (FSDT/BoT/NBS)
finance_access,region,Mtwara,Banked_Pct_2023,2023,30,,FinScope Tanzania 2023 (FSDT/BoT/NBS)
finance_access,region,Mtwara,Other_Formal_Pct_2023,2023,49,,FinScope Tanzania 2023 (FSDT/BoT/NBS)
finance_access,region,Mtwara,Informal_Only_Pct_2023,2023,5,,FinScope Tanzania 2023 (FSDT/BoT/NBS)
finance_access,region,Mtwara,Financially_Excluded_Pct_2023,2023,15,,FinScope Tanzania 2023 (FSDT/BoT/NBS)
finance_access,region,Mtwara,Formal_Inclusion_Pct_2023,2023,79,,FinScope Tanzania 2023 (FSDT/BoT/NBS)
finance_access,region,Mtwara,Formal_Inclusion_Pct_2017,2023,63,,FinScope Tanzania 2023 (FSDT/BoT/NBS)
finance_access,region,Mtwara,Formal_Inclusion_Change_Pts,2023,16,,FinScope Tanzania 2023 (FSDT/BoT/NBS)
finance_access,region,Lindi,Banked_Pct_2023,2023,33,,FinScope Tanzania 2023 (FSDT/BoT/NBS)
finance_access,region,Lindi,Other_Formal_Pct_2023,2023,46,,FinScope Tanzania 2023 (FSDT/BoT/NBS)
finance_access,region,Lindi,Informal_Only_Pct_2023,2023,7,,FinScope Tanzania 2023 (FSDT/BoT/NBS)
finance_access,region,Lindi,Financially_Excluded_Pct_2023,2023,15,,FinScope Tanzania 2023 (FSDT/BoT/NBS)
finance_access,region,Lindi,Formal_Inclusion_Pct_2023,2023,79,,FinScope Tanzania 2023 (FSDT/BoT/NBS)
finance_access,region,Lindi,Formal_Inclusion_Pct_2017,2023,63,,FinScope Tanzania 2023 (FSDT/BoT/NBS)
finance_access,region,Lindi,Formal_Inclusion_Change_Pts,2023,16,,FinScope Tanzania 2023 (FSDT/BoT/NBS)
finance_access,region,Songwe,Banked_Pct_2023,2023,26,,FinScope Tanzania 2023 (FSDT/BoT/NBS)
finance_access,region,Songwe,Other_Formal_Pct_2023,2023,52,,FinScope Tanzania 2023 (FSDT/BoT/NBS)
finance_access,region,Songwe,Informal_Only_Pct_2023,2023,10,,FinScope Tanzania 2023 (FSDT/BoT/NBS)
finance_access,region,Songwe,Financially_Excluded_Pct_2023,2023,12,,FinScope Tanzania 2023 (FSDT/BoT/NBS)
finance_access,region,Songwe,Formal_Inclusion_Pct_2023,2023,78,,FinScope Tanzania 2023 (FSDT/BoT/NBS)
finance_access,region,Songwe,Formal_Inclusion_Pct_2017,2023,59,,FinScope Tanzania 2023 (FSDT/BoT/NBS)
finance_access,region,Songwe,Formal_Inclusion_Change_Pts,2023,19,,FinScope Tanzania 2023 (FSDT/BoT/NBS)
finance_access,region,Njombe,Banked_Pct_2023,2023,22,,FinScope Tanzania 2023 (FSDT/BoT/NBS)
finance_access,region,Njombe,Other_Formal_Pct_2023,2023,56,,FinScope Tanzania 2023 (FSDT/BoT/NBS)
finance_access,region,Njombe,Informal_Only_Pct_2023,2023,5,,FinScope Tanzania 2023 (FSDT/BoT/NBS)
finance_access,region,Njombe,Financially_Excluded_Pct_2023,2023,17,,FinScope Tanzania 2023 (FSDT/BoT/NBS)
finance_access,region,Njombe,Formal_Inclusion_Pct_2023,2023,78,,FinScope Tanzania 2023 (FSDT/BoT/NBS)
finance_access,region,Njombe,Formal_Inclusion_Pct_2017,2023,77,,FinScope Tanzania 2023 (FSDT/BoT/NBS)
finance_access,region,Njombe,Formal_Inclusion_Change_Pts,2023,1,,FinScope Tanzania 2023 (FSDT/BoT/NBS)
finance_access,region,Kilimanjaro,Banked_Pct_2023,2023,17,,FinScope Tanzania 2023 (FSDT/BoT/NBS)
finance_access,region,Kilimanjaro,Other_Formal_Pct_2023,2023,60,,FinScope Tanzania 2023 (FSDT/BoT/NBS)
finance_access,region,Kilimanjaro,Informal_Only_Pct_2023,2023,2,,FinScope Tanzania 2023 (FSDT/BoT/NBS)
finance_access,region,Kilimanjaro,Financially_Excluded_Pct_2023,2023,21,,FinScope Tanzania 2023 (FSDT/BoT/NBS)
finance_access,region,Kilimanjaro,Formal_Inclusion_Pct_2023,2023,77,,FinScope Tanzania 2023 (FSDT/BoT/NBS)
finance_access,region,Kilimanjaro,Formal_Inclusion_Pct_2017,2023,90,,FinScope Tanzania 2023 (FSDT/BoT/NBS)
finance_access,region,Kilimanjaro,Formal_Inclusion_Change_Pts,2023,-13,,FinScope Tanzania 2023 (FSDT/BoT/NBS)
finance_access,region,Geita,Banked_Pct_2023,2023,19,,FinScope Tanzania 2023 (FSDT/BoT/NBS)
finance_access,region,Geita,Other_Formal_Pct_2023,2023,57,,FinScope Tanzania 2023 (FSDT/BoT/NBS)
finance_access,region,Geita,Informal_Only_Pct_2023,2023,11,,FinScope Tanzania 2023 (FSDT/BoT/NBS)
finance_access,region,Geita,Financially_Excluded_Pct_2023,2023,13,,FinScope Tanzania 2023 (FSDT/BoT/NBS)
finance_access,region,Geita,Formal_Inclusion_Pct_2023,2023,76,,FinScope Tanzania 2023 (FSDT/BoT/NBS)
finance_access,region,Geita,Formal_Inclusion_Pct_2017,2023,64,,FinScope Tanzania 2023 (FSDT/BoT/NBS)
finance_access,region,Geita,Formal_Inclusion_Change_Pts,2023,12,,FinScope Tanzania 2023 (FSDT/BoT/NBS)
finance_access,region,Tanga,Banked_Pct_2023,2023,13,,FinScope Tanzania 2023 (FSDT/BoT/NBS)
finance_access,region,Tanga,Other_Formal_Pct_2023,2023,62,,FinScope Tanzania 2023 (FSDT/BoT/NBS)
finance_access,region,Tanga,Informal_Only_Pct_2023,2023,10,,FinScope Tanzania 2023 (FSDT/BoT/NBS)
finance_access,region,Tanga,Financially_Excluded_Pct_2023,2023,15,,FinScope Tanzania 2023 (FSDT/BoT/NBS)
finance_access,region,Tanga,Formal_Inclusion_Pct_2023,2023,75,,FinScope Tanzania 2023 (FSDT/BoT/NBS)
finance_access,region,Tanga,Formal_Inclusion_Pct_2017,2023,69,,FinScope Tanzania 2023 (FSDT/BoT/NBS)
finance_access,region,Tanga,Formal_Inclusion_Change_Pts,2023,6,,FinScope Tanzania 2023 (FSDT/BoT/NBS)
finance_access,region,Ruvuma,Banked_Pct_2023,2023,18,,FinScope Tanzania 2023 (FSDT/BoT/NBS)
finance_access,region,Ruvuma,Other_Formal_Pct_2023,2023,57,,FinScope Tanzania 2023 (FSDT/BoT/NBS)
finance_access,region,Ruvuma,Informal_Only_Pct_2023,2023,6,,FinScope Tanzania 2023 (FSDT/BoT/NBS)
finance_access,region,Ruvuma,Financially_Excluded_Pct_2023,2023,18,,FinScope Tanzania 2023 (FSDT/BoT/NBS)
finance_access,region,Ruvuma,Formal_Inclusion_Pct_2023,2023,75,,FinScope Tanzania 2023 (FSDT/BoT/NBS)
finance_access,region,Ruvuma,Formal_Inclusion_Pct_2017,2023,60,,FinScope Tanzania 2023 (FSDT/BoT/NBS)
finance_access,region,Ruvuma,Formal_Inclusion_Change_Pts,2023,15,,FinScope Tanzania 2023 (FSDT/BoT/NBS)
finance_access,region,Katavi,Banked_Pct_2023,2023,18,,FinScope Tanzania 2023 (FSDT/BoT/NBS)
finance_access,region,Katavi,Other_Formal_Pct_2023,2023,57,,FinScope Tanzania 2023 (FSDT/BoT/NBS)
finance_access,region,Katavi,Informal_Only_Pct_2023,2023,9,,FinScope Tanzania 2023 (FSDT/BoT/NBS)
finance_access,region,Katavi,Financially_Excluded_Pct_2023,2023,17,,FinScope Tanzania 2023 (FSDT/BoT/NBS)
finance_access,region,Katavi,Formal_Inclusion_Pct_2023,2023,75,,FinScope Tanzania 2023 (FSDT/BoT/NBS)
finance_access,region,Katavi,Formal_Inclusion_Pct_2017,2023,53,,FinScope Tanzania 2023 (FSDT/BoT/NBS)
finance_access,region,Katavi,Formal_Inclusion_Change_Pts,2023,22,,FinScope Tanzania 2023 (FSDT/BoT/NBS)
finance_access,region,Iringa,Banked_Pct_2023,2023,31,,FinScope Tanzania 2023 (FSDT/BoT/NBS)
finance_access,region,Iringa,Other_Formal_Pct_2023,2023,44,,FinScope Tanzania 2023 (FSDT/BoT/NBS)
finance_access,region,Iringa,Informal_Only_Pct_2023,2023,7,,FinScope Tanzania 2023 (FSDT/BoT/NBS)
finance_access,region,Iringa,Financially_Excluded_Pct_2023,2023,17,,FinScope Tanzania 2023 (FSDT/BoT/NBS)
finance_access,region,Iringa,Formal_Inclusion_Pct_2023,2023,75,,FinScope Tanzania 2023 (FSDT/BoT/NBS)
finance_access,region,Iringa,Formal_Inclusion_Pct_2017,2023,78,,FinScope Tanzania 2023 (FSDT/BoT/NBS)
finance_access,region,Iringa,Formal_Inclusion_Change_Pts,2023,-3,,FinScope Tanzania 2023 (FSDT/BoT/NBS)
finance_access,region,Dodoma,Banked_Pct_2023,2023,18,,FinScope Tanzania 2023 (FSDT/BoT/NBS)
finance_access,region,Dodoma,Other_Formal_Pct_2023,2023,57,,FinScope Tanzania 2023 (FSDT/BoT/NBS)
finance_access,region,Dodoma,Informal_Only_Pct_2023,2023,6,,FinScope Tanzania 2023 (FSDT/BoT/NBS)
finance_access,region,Dodoma,Financially_Excluded_Pct_2023,2023,19,,FinScope Tanzania 2023 (FSDT/BoT/NBS)
finance_access,region,Dodoma,Formal_Inclusion_Pct_2023,2023,75,,FinScope Tanzania 2023 (FSDT/BoT/NBS)
finance_access,region,Dodoma,Formal_Inclusion_Pct_2017,2023,67,,FinScope Tanzania 2023 (FSDT/BoT/NBS)
finance_access,region,Dodoma,Formal_Inclusion_Change_Pts,2023,8,,FinScope Tanzania 2023 (FSDT/BoT/NBS)
finance_access,region,Morogoro,Banked_Pct_2023,2023,13,,FinScope Tanzania 2023 (FSDT/BoT/NBS)
finance_access,region,Morogoro,Other_Formal_Pct_2023,2023,56,,FinScope Tanzania 2023 (FSDT/BoT/NBS)
finance_access,region,Morogoro,Informal_Only_Pct_2023,2023,6,,FinScope Tanzania 2023 (FSDT/BoT/NBS)
finance_access,region,Morogoro,Financially_Excluded_Pct_2023,2023,26,,FinScope Tanzania 2023 (FSDT/BoT/NBS)
finance_access,region,Morogoro,Formal_Inclusion_Pct_2023,2023,69,,FinScope Tanzania 2023 (FSDT/BoT/NBS)
finance_access,region,Morogoro,Formal_Inclusion_Pct_2017,2023,64,,FinScope Tanzania 2023 (FSDT/BoT/NBS)
finance_access,region,Morogoro,Formal_Inclusion_Change_Pts,2023,5,,FinScope Tanzania 2023 (FSDT/BoT/NBS)
finance_access,region,Manyara,Banked_Pct_2023,2023,14,,FinScope Tanzania 2023 (FSDT/BoT/NBS)
finance_access,region,Manyara,Other_Formal_Pct_2023,2023,53,,FinScope Tanzania 2023 (FSDT/BoT/NBS)
finance_access,region,Manyara,Informal_Only_Pct_2023,2023,4,,FinScope Tanzania 2023 (FSDT/BoT/NBS)
finance_access,region,Manyara,Financially_Excluded_Pct_2023,2023,28,,FinScope Tanzania 2023 (FSDT/BoT/NBS)
finance_access,region,Manyara,Formal_Inclusion_Pct_2023,2023,67,,FinScope Tanzania 2023 (FSDT/BoT/NBS)
finance_access,region,Manyara,Formal_Inclusion_Pct_2017,2023,48,,FinScope Tanzania 2023 (FSDT/BoT/NBS)
finance_access,region,Manyara,Formal_Inclusion_Change_Pts,2023,19,,FinScope Tanzania 2023 (FSDT/BoT/NBS)
finance_access,region,Tabora,Banked_Pct_2023,2023,12,,FinScope Tanzania 2023 (FSDT/BoT/NBS)
finance_access,region,Tabora,Other_Formal_Pct_2023,2023,54,,FinScope Tanzania 2023 (FSDT/BoT/NBS)
finance_access,region,Tabora,Informal_Only_Pct_2023,2023,6,,FinScope Tanzania 2023 (FSDT/BoT/NBS)
finance_access,region,Tabora,Financially_Excluded_Pct_2023,2023,27,,FinScope Tanzania 2023 (FSDT/BoT/NBS)
finance_access,region,Tabora,Formal_Inclusion_Pct_2023,2023,66,,FinScope Tanzania 2023 (FSDT/BoT/NBS)
finance_access,region,Tabora,Formal_Inclusion_Pct_2017,2023,48,,FinScope Tanzania 2023 (FSDT/BoT/NBS)
finance_access,region,Tabora,Formal_Inclusion_Change_Pts,2023,18,,FinScope Tanzania 2023 (FSDT/BoT/NBS)
finance_access,region,Shinyanga,Banked_Pct_2023,2023,16,,FinScope Tanzania 2023 (FSDT/BoT/NBS)
finance_access,region,Shinyanga,Other_Formal_Pct_2023,2023,49,,FinScope Tanzania 2023 (FSDT/BoT/NBS)
finance_access,region,Shinyanga,Informal_Only_Pct_2023,2023,9,,FinScope Tanzania 2023 (FSDT/BoT/NBS)
finance_access,region,Shinyanga,Financially_Excluded_Pct_2023,2023,26,,FinScope Tanzania 2023 (FSDT/BoT/NBS)
finance_access,region,Shinyanga,Formal_Inclusion_Pct_2023,2023,65,,FinScope Tanzania 2023 (FSDT/BoT/NBS)
finance_access,region,Shinyanga,Formal_Inclusion_Pct_2017,2023,59,,FinScope Tanzania 2023 (FSDT/BoT/NBS)
finance_access,region,Shinyanga,Formal_Inclusion_Change_Pts,2023,6,,FinScope Tanzania 2023 (FSDT/BoT/NBS)
finance_access,region,Rukwa,Banked_Pct_2023,2023,14,,FinScope Tanzania 2023 (FSDT/BoT/NBS)
finance_access,region,Rukwa,Other_Formal_Pct_2023,2023,49,,FinScope Tanzania 2023 (FSDT/BoT/NBS)
finance_access,region,Rukwa,Informal_Only_Pct_2023,2023,10,,FinScope Tanzania 2023 (FSDT/BoT/NBS)
finance_access,region,Rukwa,Financially_Excluded_Pct_2023,2023,27,,FinScope Tanzania 2023 (FSDT/BoT/NBS)
finance_access,region,Rukwa,Formal_Inclusion_Pct_2023,2023,63,,FinScope Tanzania 2023 (FSDT/BoT/NBS)
finance_access,region,Rukwa,Formal_Inclusion_Pct_2017,2023,54,,FinScope Tanzania 2023 (FSDT/BoT/NBS)
finance_access,region,Rukwa,Formal_Inclusion_Change_Pts,2023,9,,FinScope Tanzania 2023 (FSDT/BoT/NBS)
finance_access,region,Rukwa,Data_Note,2023,informal_only adjusted to sum 100 (extraction ambiguity),,FinScope Tanzania 2023 (FSDT/BoT/NBS)
finance_access,region,Kagera,Banked_Pct_2023,2023,11,,FinScope Tanzania 2023 (FSDT/BoT/NBS)
finance_access,region,Kagera,Other_Formal_Pct_2023,2023,50,,FinScope Tanzania 2023 (FSDT/BoT/NBS)
finance_access,region,Kagera,Informal_Only_Pct_2023,2023,8,,FinScope Tanzania 2023 (FSDT/BoT/NBS)
finance_access,region,Kagera,Financially_Excluded_Pct_2023,2023,30,,FinScope Tanzania 2023 (FSDT/BoT/NBS)
finance_access,region,Kagera,Formal_Inclusion_Pct_2023,2023,61,,FinScope Tanzania 2023 (FSDT/BoT/NBS)
finance_access,region,Kagera,Formal_Inclusion_Pct_2017,2023,62,,FinScope Tanzania 2023 (FSDT/BoT/NBS)
finance_access,region,Kagera,Formal_Inclusion_Change_Pts,2023,-1,,FinScope Tanzania 2023 (FSDT/BoT/NBS)
finance_access,region,Simiyu,Banked_Pct_2023,2023,13,,FinScope Tanzania 2023 (FSDT/BoT/NBS)
finance_access,region,Simiyu,Other_Formal_Pct_2023,2023,47,,FinScope Tanzania 2023 (FSDT/BoT/NBS)
finance_access,region,Simiyu,Informal_Only_Pct_2023,2023,8,,FinScope Tanzania 2023 (FSDT/BoT/NBS)
finance_access,region,Simiyu,Financially_Excluded_Pct_2023,2023,33,,FinScope Tanzania 2023 (FSDT/BoT/NBS)
finance_access,region,Simiyu,Formal_Inclusion_Pct_2023,2023,60,,FinScope Tanzania 2023 (FSDT/BoT/NBS)
finance_access,region,Simiyu,Formal_Inclusion_Pct_2017,2023,39,,FinScope Tanzania 2023 (FSDT/BoT/NBS)
finance_access,region,Simiyu,Formal_Inclusion_Change_Pts,2023,21,,FinScope Tanzania 2023 (FSDT/BoT/NBS)
finance_access,region,Kigoma,Banked_Pct_2023,2023,14,,FinScope Tanzania 2023 (FSDT/BoT/NBS)
finance_access,region,Kigoma,Other_Formal_Pct_2023,2023,44,,FinScope Tanzania 2023 (FSDT/BoT/NBS)
finance_access,region,Kigoma,Informal_Only_Pct_2023,2023,4,,FinScope Tanzania 2023 (FSDT/BoT/NBS)
finance_access,region,Kigoma,Financially_Excluded_Pct_2023,2023,38,,FinScope Tanzania 2023 (FSDT/BoT/NBS)
finance_access,region,Kigoma,Formal_Inclusion_Pct_2023,2023,58,,FinScope Tanzania 2023 (FSDT/BoT/NBS)
finance_access,region,Kigoma,Formal_Inclusion_Pct_2017,2023,59,,FinScope Tanzania 2023 (FSDT/BoT/NBS)
finance_access,region,Kigoma,Formal_Inclusion_Change_Pts,2023,-1,,FinScope Tanzania 2023 (FSDT/BoT/NBS)
finance_access,region,Singida,Banked_Pct_2023,2023,10,,FinScope Tanzania 2023 (FSDT/BoT/NBS)
finance_access,region,Singida,Other_Formal_Pct_2023,2023,43,,FinScope Tanzania 2023 (FSDT/BoT/NBS)
finance_access,region,Singida,Informal_Only_Pct_2023,2023,6,,FinScope Tanzania 2023 (FSDT/BoT/NBS)
finance_access,region,Singida,Financially_Excluded_Pct_2023,2023,41,,FinScope Tanzania 2023 (FSDT/BoT/NBS)
finance_access,region,Singida,Formal_Inclusion_Pct_2023,2023,53,,FinScope Tanzania 2023 (FSDT/BoT/NBS)
finance_access,region,Singida,Formal_Inclusion_Pct_2017,2023,48,,FinScope Tanzania 2023 (FSDT/BoT/NBS)
finance_access,region,Singida,Formal_Inclusion_Change_Pts,2023,5,,FinScope Tanzania 2023 (FSDT/BoT/NBS)
finance_access,region,Mjini Magharibi,Banked_Pct_2023,2023,28,,FinScope Tanzania 2023 (FSDT/BoT/NBS)
finance_access,region,Mjini Magharibi,Other_Formal_Pct_2023,2023,59,,FinScope Tanzania 2023 (FSDT/BoT/NBS)
finance_access,region,Mjini Magharibi,Informal_Only_Pct_2023,2023,2,,FinScope Tanzania 2023 (FSDT/BoT/NBS)
finance_access,region,Mjini Magharibi,Financially_Excluded_Pct_2023,2023,11,,FinScope Tanzania 2023 (FSDT/BoT/NBS)
finance_access,region,Mjini Magharibi,Formal_Inclusion_Pct_2023,2023,87,,FinScope Tanzania 2023 (FSDT/BoT/NBS)
finance_access,region,Mjini Magharibi,Formal_Inclusion_Pct_2017,2023,62,,FinScope Tanzania 2023 (FSDT/BoT/NBS)
finance_access,region,Mjini Magharibi,Formal_Inclusion_Change_Pts,2023,25,,FinScope Tanzania 2023 (FSDT/BoT/NBS)
finance_access,region,Kusini Unguja,Banked_Pct_2023,2023,24,,FinScope Tanzania 2023 (FSDT/BoT/NBS)
finance_access,region,Kusini Unguja,Other_Formal_Pct_2023,2023,62,,FinScope Tanzania 2023 (FSDT/BoT/NBS)
finance_access,region,Kusini Unguja,Informal_Only_Pct_2023,2023,7,,FinScope Tanzania 2023 (FSDT/BoT/NBS)
finance_access,region,Kusini Unguja,Financially_Excluded_Pct_2023,2023,7,,FinScope Tanzania 2023 (FSDT/BoT/NBS)
finance_access,region,Kusini Unguja,Formal_Inclusion_Pct_2023,2023,86,,FinScope Tanzania 2023 (FSDT/BoT/NBS)
finance_access,region,Kusini Unguja,Formal_Inclusion_Pct_2017,2023,50,,FinScope Tanzania 2023 (FSDT/BoT/NBS)
finance_access,region,Kusini Unguja,Formal_Inclusion_Change_Pts,2023,36,,FinScope Tanzania 2023 (FSDT/BoT/NBS)
finance_access,region,Kusini Pemba,Banked_Pct_2023,2023,38,,FinScope Tanzania 2023 (FSDT/BoT/NBS)
finance_access,region,Kusini Pemba,Other_Formal_Pct_2023,2023,45,,FinScope Tanzania 2023 (FSDT/BoT/NBS)
finance_access,region,Kusini Pemba,Informal_Only_Pct_2023,2023,6,,FinScope Tanzania 2023 (FSDT/BoT/NBS)
finance_access,region,Kusini Pemba,Financially_Excluded_Pct_2023,2023,11,,FinScope Tanzania 2023 (FSDT/BoT/NBS)
finance_access,region,Kusini Pemba,Formal_Inclusion_Pct_2023,2023,83,,FinScope Tanzania 2023 (FSDT/BoT/NBS)
finance_access,region,Kusini Pemba,Formal_Inclusion_Pct_2017,2023,36,,FinScope Tanzania 2023 (FSDT/BoT/NBS)
finance_access,region,Kusini Pemba,Formal_Inclusion_Change_Pts,2023,47,,FinScope Tanzania 2023 (FSDT/BoT/NBS)
finance_access,region,Kaskazini Unguja,Banked_Pct_2023,2023,15,,FinScope Tanzania 2023 (FSDT/BoT/NBS)
finance_access,region,Kaskazini Unguja,Other_Formal_Pct_2023,2023,64,,FinScope Tanzania 2023 (FSDT/BoT/NBS)
finance_access,region,Kaskazini Unguja,Informal_Only_Pct_2023,2023,13,,FinScope Tanzania 2023 (FSDT/BoT/NBS)
finance_access,region,Kaskazini Unguja,Financially_Excluded_Pct_2023,2023,8,,FinScope Tanzania 2023 (FSDT/BoT/NBS)
finance_access,region,Kaskazini Unguja,Formal_Inclusion_Pct_2023,2023,79,,FinScope Tanzania 2023 (FSDT/BoT/NBS)
finance_access,region,Kaskazini Unguja,Formal_Inclusion_Pct_2017,2023,23,,FinScope Tanzania 2023 (FSDT/BoT/NBS)
finance_access,region,Kaskazini Unguja,Formal_Inclusion_Change_Pts,2023,56,,FinScope Tanzania 2023 (FSDT/BoT/NBS)
finance_access,region,Kaskazini Pemba,Banked_Pct_2023,2023,16,,FinScope Tanzania 2023 (FSDT/BoT/NBS)
finance_access,region,Kaskazini Pemba,Other_Formal_Pct_2023,2023,51,,FinScope Tanzania 2023 (FSDT/BoT/NBS)
finance_access,region,Kaskazini Pemba,Informal_Only_Pct_2023,2023,10,,FinScope Tanzania 2023 (FSDT/BoT/NBS)
finance_access,region,Kaskazini Pemba,Financially_Excluded_Pct_2023,2023,23,,FinScope Tanzania 2023 (FSDT/BoT/NBS)
finance_access,region,Kaskazini Pemba,Formal_Inclusion_Pct_2023,2023,67,,FinScope Tanzania 2023 (FSDT/BoT/NBS)
finance_access,region,Kaskazini Pemba,Formal_Inclusion_Pct_2017,2023,29,,FinScope Tanzania 2023 (FSDT/BoT/NBS)
finance_access,region,Kaskazini Pemba,Formal_Inclusion_Change_Pts,2023,38,,FinScope Tanzania 2023 (FSDT/BoT/NBS)
finance_access,region,Arusha,SACCOS_Registered,Dec-2023,133,,TCDC SACCOS Annual Performance Report 2023
finance_access,region,Arusha,SACCOS_Licensed,Dec-2023,101,,TCDC SACCOS Annual Performance Report 2023
finance_access,region,Arusha,License_Rate_Pct,Dec-2023,76,,TCDC SACCOS Annual Performance Report 2023
finance_access,region,Dar es Salaam,SACCOS_Registered,Dec-2023,293,,TCDC SACCOS Annual Performance Report 2023
finance_access,region,Dar es Salaam,SACCOS_Licensed,Dec-2023,249,,TCDC SACCOS Annual Performance Report 2023
finance_access,region,Dar es Salaam,License_Rate_Pct,Dec-2023,85,,TCDC SACCOS Annual Performance Report 2023
finance_access,region,Dodoma,SACCOS_Registered,Dec-2023,55,,TCDC SACCOS Annual Performance Report 2023
finance_access,region,Dodoma,SACCOS_Licensed,Dec-2023,38,,TCDC SACCOS Annual Performance Report 2023
finance_access,region,Dodoma,License_Rate_Pct,Dec-2023,69,,TCDC SACCOS Annual Performance Report 2023
finance_access,region,Geita,SACCOS_Registered,Dec-2023,26,,TCDC SACCOS Annual Performance Report 2023
finance_access,region,Geita,SACCOS_Licensed,Dec-2023,10,,TCDC SACCOS Annual Performance Report 2023
finance_access,region,Geita,License_Rate_Pct,Dec-2023,38,,TCDC SACCOS Annual Performance Report 2023
finance_access,region,Iringa,SACCOS_Registered,Dec-2023,49,,TCDC SACCOS Annual Performance Report 2023
finance_access,region,Iringa,SACCOS_Licensed,Dec-2023,35,,TCDC SACCOS Annual Performance Report 2023
finance_access,region,Iringa,License_Rate_Pct,Dec-2023,71,,TCDC SACCOS Annual Performance Report 2023
finance_access,region,Kagera,SACCOS_Registered,Dec-2023,46,,TCDC SACCOS Annual Performance Report 2023
finance_access,region,Kagera,SACCOS_Licensed,Dec-2023,34,,TCDC SACCOS Annual Performance Report 2023
finance_access,region,Kagera,License_Rate_Pct,Dec-2023,74,,TCDC SACCOS Annual Performance Report 2023
finance_access,region,Katavi,SACCOS_Registered,Dec-2023,5,,TCDC SACCOS Annual Performance Report 2023
finance_access,region,Katavi,SACCOS_Licensed,Dec-2023,2,,TCDC SACCOS Annual Performance Report 2023
finance_access,region,Katavi,License_Rate_Pct,Dec-2023,40,,TCDC SACCOS Annual Performance Report 2023
finance_access,region,Kigoma,SACCOS_Registered,Dec-2023,23,,TCDC SACCOS Annual Performance Report 2023
finance_access,region,Kigoma,SACCOS_Licensed,Dec-2023,6,,TCDC SACCOS Annual Performance Report 2023
finance_access,region,Kigoma,License_Rate_Pct,Dec-2023,26,,TCDC SACCOS Annual Performance Report 2023
finance_access,region,Kilimanjaro,SACCOS_Registered,Dec-2023,83,,TCDC SACCOS Annual Performance Report 2023
finance_access,region,Kilimanjaro,SACCOS_Licensed,Dec-2023,75,,TCDC SACCOS Annual Performance Report 2023
finance_access,region,Kilimanjaro,License_Rate_Pct,Dec-2023,90,,TCDC SACCOS Annual Performance Report 2023
finance_access,region,Lindi,SACCOS_Registered,Dec-2023,11,,TCDC SACCOS Annual Performance Report 2023
finance_access,region,Lindi,SACCOS_Licensed,Dec-2023,3,,TCDC SACCOS Annual Performance Report 2023
finance_access,region,Lindi,License_Rate_Pct,Dec-2023,27,,TCDC SACCOS Annual Performance Report 2023
finance_access,region,Manyara,SACCOS_Registered,Dec-2023,51,,TCDC SACCOS Annual Performance Report 2023
finance_access,region,Manyara,SACCOS_Licensed,Dec-2023,34,,TCDC SACCOS Annual Performance Report 2023
finance_access,region,Manyara,License_Rate_Pct,Dec-2023,67,,TCDC SACCOS Annual Performance Report 2023
finance_access,region,Mara,SACCOS_Registered,Dec-2023,34,,TCDC SACCOS Annual Performance Report 2023
finance_access,region,Mara,SACCOS_Licensed,Dec-2023,22,,TCDC SACCOS Annual Performance Report 2023
finance_access,region,Mara,License_Rate_Pct,Dec-2023,65,,TCDC SACCOS Annual Performance Report 2023
finance_access,region,Mbeya,SACCOS_Registered,Dec-2023,93,,TCDC SACCOS Annual Performance Report 2023
finance_access,region,Mbeya,SACCOS_Licensed,Dec-2023,62,,TCDC SACCOS Annual Performance Report 2023
finance_access,region,Mbeya,License_Rate_Pct,Dec-2023,67,,TCDC SACCOS Annual Performance Report 2023
finance_access,region,Morogoro,SACCOS_Registered,Dec-2023,62,,TCDC SACCOS Annual Performance Report 2023
finance_access,region,Morogoro,SACCOS_Licensed,Dec-2023,38,,TCDC SACCOS Annual Performance Report 2023
finance_access,region,Morogoro,License_Rate_Pct,Dec-2023,61,,TCDC SACCOS Annual Performance Report 2023
finance_access,region,Mtwara,SACCOS_Registered,Dec-2023,7,,TCDC SACCOS Annual Performance Report 2023
finance_access,region,Mtwara,SACCOS_Licensed,Dec-2023,4,,TCDC SACCOS Annual Performance Report 2023
finance_access,region,Mtwara,License_Rate_Pct,Dec-2023,57,,TCDC SACCOS Annual Performance Report 2023
finance_access,region,Mwanza,SACCOS_Registered,Dec-2023,40,,TCDC SACCOS Annual Performance Report 2023
finance_access,region,Mwanza,SACCOS_Licensed,Dec-2023,27,,TCDC SACCOS Annual Performance Report 2023
finance_access,region,Mwanza,License_Rate_Pct,Dec-2023,68,,TCDC SACCOS Annual Performance Report 2023
finance_access,region,Njombe,SACCOS_Registered,Dec-2023,65,,TCDC SACCOS Annual Performance Report 2023
finance_access,region,Njombe,SACCOS_Licensed,Dec-2023,28,,TCDC SACCOS Annual Performance Report 2023
finance_access,region,Njombe,License_Rate_Pct,Dec-2023,43,,TCDC SACCOS Annual Performance Report 2023
finance_access,region,Pwani,SACCOS_Registered,Dec-2023,35,,TCDC SACCOS Annual Performance Report 2023
finance_access,region,Pwani,SACCOS_Licensed,Dec-2023,24,,TCDC SACCOS Annual Performance Report 2023
finance_access,region,Pwani,License_Rate_Pct,Dec-2023,69,,TCDC SACCOS Annual Performance Report 2023
finance_access,region,Rukwa,SACCOS_Registered,Dec-2023,20,,TCDC SACCOS Annual Performance Report 2023
finance_access,region,Rukwa,SACCOS_Licensed,Dec-2023,8,,TCDC SACCOS Annual Performance Report 2023
finance_access,region,Rukwa,License_Rate_Pct,Dec-2023,40,,TCDC SACCOS Annual Performance Report 2023
finance_access,region,Ruvuma,SACCOS_Registered,Dec-2023,22,,TCDC SACCOS Annual Performance Report 2023
finance_access,region,Ruvuma,SACCOS_Licensed,Dec-2023,15,,TCDC SACCOS Annual Performance Report 2023
finance_access,region,Ruvuma,License_Rate_Pct,Dec-2023,68,,TCDC SACCOS Annual Performance Report 2023
finance_access,region,Shinyanga,SACCOS_Registered,Dec-2023,15,,TCDC SACCOS Annual Performance Report 2023
finance_access,region,Shinyanga,SACCOS_Licensed,Dec-2023,12,,TCDC SACCOS Annual Performance Report 2023
finance_access,region,Shinyanga,License_Rate_Pct,Dec-2023,80,,TCDC SACCOS Annual Performance Report 2023
finance_access,region,Simiyu,SACCOS_Registered,Dec-2023,3,,TCDC SACCOS Annual Performance Report 2023
finance_access,region,Simiyu,SACCOS_Licensed,Dec-2023,3,,TCDC SACCOS Annual Performance Report 2023
finance_access,region,Simiyu,License_Rate_Pct,Dec-2023,100,,TCDC SACCOS Annual Performance Report 2023
finance_access,region,Singida,SACCOS_Registered,Dec-2023,19,,TCDC SACCOS Annual Performance Report 2023
finance_access,region,Singida,SACCOS_Licensed,Dec-2023,11,,TCDC SACCOS Annual Performance Report 2023
finance_access,region,Singida,License_Rate_Pct,Dec-2023,58,,TCDC SACCOS Annual Performance Report 2023
finance_access,region,Songwe,SACCOS_Registered,Dec-2023,10,,TCDC SACCOS Annual Performance Report 2023
finance_access,region,Songwe,SACCOS_Licensed,Dec-2023,6,,TCDC SACCOS Annual Performance Report 2023
finance_access,region,Songwe,License_Rate_Pct,Dec-2023,60,,TCDC SACCOS Annual Performance Report 2023
finance_access,region,Tabora,SACCOS_Registered,Dec-2023,14,,TCDC SACCOS Annual Performance Report 2023
finance_access,region,Tabora,SACCOS_Licensed,Dec-2023,4,,TCDC SACCOS Annual Performance Report 2023
finance_access,region,Tabora,License_Rate_Pct,Dec-2023,29,,TCDC SACCOS Annual Performance Report 2023
finance_access,region,Tanga,SACCOS_Registered,Dec-2023,69,,TCDC SACCOS Annual Performance Report 2023
finance_access,region,Tanga,SACCOS_Licensed,Dec-2023,33,,TCDC SACCOS Annual Performance Report 2023
finance_access,region,Tanga,License_Rate_Pct,Dec-2023,48,,TCDC SACCOS Annual Performance Report 2023
finance_access,region,TOTAL,SACCOS_Registered,Dec-2023,1283,,TCDC SACCOS Annual Performance Report 2023
finance_access,region,TOTAL,SACCOS_Licensed,Dec-2023,884,,TCDC SACCOS Annual Performance Report 2023
finance_access,region,TOTAL,License_Rate_Pct,Dec-2023,69,,TCDC SACCOS Annual Performance Report 2023
finance_access,region,Arusha,Core_Capital_TZS_Billions,Dec-2023,13.377,,TCDC SACCOS Annual Performance Report 2023
finance_access,region,Arusha,Total_Assets_TZS_Billions,Dec-2023,65.408,,TCDC SACCOS Annual Performance Report 2023
finance_access,region,Arusha,Loans_Outstanding_TZS_Billions,Dec-2023,59.977,,TCDC SACCOS Annual Performance Report 2023
finance_access,region,Arusha,Savings_Deposits_TZS_Billions,Dec-2023,48.912,,TCDC SACCOS Annual Performance Report 2023
finance_access,region,Dar es Salaam,Core_Capital_TZS_Billions,Dec-2023,107.953,,TCDC SACCOS Annual Performance Report 2023
finance_access,region,Dar es Salaam,Total_Assets_TZS_Billions,Dec-2023,915.769,,TCDC SACCOS Annual Performance Report 2023
finance_access,region,Dar es Salaam,Loans_Outstanding_TZS_Billions,Dec-2023,783.805,,TCDC SACCOS Annual Performance Report 2023
finance_access,region,Dar es Salaam,Savings_Deposits_TZS_Billions,Dec-2023,689.47,,TCDC SACCOS Annual Performance Report 2023
finance_access,region,Dodoma,Core_Capital_TZS_Billions,Dec-2023,3.191,,TCDC SACCOS Annual Performance Report 2023
finance_access,region,Dodoma,Total_Assets_TZS_Billions,Dec-2023,15.267,,TCDC SACCOS Annual Performance Report 2023
finance_access,region,Dodoma,Loans_Outstanding_TZS_Billions,Dec-2023,10.099,,TCDC SACCOS Annual Performance Report 2023
finance_access,region,Dodoma,Savings_Deposits_TZS_Billions,Dec-2023,9.351,,TCDC SACCOS Annual Performance Report 2023
finance_access,region,Geita,Core_Capital_TZS_Billions,Dec-2023,0.35,,TCDC SACCOS Annual Performance Report 2023
finance_access,region,Geita,Total_Assets_TZS_Billions,Dec-2023,1.778,,TCDC SACCOS Annual Performance Report 2023
finance_access,region,Geita,Loans_Outstanding_TZS_Billions,Dec-2023,1.701,,TCDC SACCOS Annual Performance Report 2023
finance_access,region,Geita,Savings_Deposits_TZS_Billions,Dec-2023,1.274,,TCDC SACCOS Annual Performance Report 2023
finance_access,region,Iringa,Core_Capital_TZS_Billions,Dec-2023,2.867,,TCDC SACCOS Annual Performance Report 2023
finance_access,region,Iringa,Total_Assets_TZS_Billions,Dec-2023,9.221,,TCDC SACCOS Annual Performance Report 2023
finance_access,region,Iringa,Loans_Outstanding_TZS_Billions,Dec-2023,7.187,,TCDC SACCOS Annual Performance Report 2023
finance_access,region,Iringa,Savings_Deposits_TZS_Billions,Dec-2023,5.294,,TCDC SACCOS Annual Performance Report 2023
finance_access,region,Kagera,Core_Capital_TZS_Billions,Dec-2023,4.682,,TCDC SACCOS Annual Performance Report 2023
finance_access,region,Kagera,Total_Assets_TZS_Billions,Dec-2023,20.873,,TCDC SACCOS Annual Performance Report 2023
finance_access,region,Kagera,Loans_Outstanding_TZS_Billions,Dec-2023,17.14,,TCDC SACCOS Annual Performance Report 2023
finance_access,region,Kagera,Savings_Deposits_TZS_Billions,Dec-2023,12.426,,TCDC SACCOS Annual Performance Report 2023
finance_access,region,Katavi,Core_Capital_TZS_Billions,Dec-2023,0.05,,TCDC SACCOS Annual Performance Report 2023
finance_access,region,Katavi,Total_Assets_TZS_Billions,Dec-2023,0.093,,TCDC SACCOS Annual Performance Report 2023
finance_access,region,Katavi,Loans_Outstanding_TZS_Billions,Dec-2023,0.095,,TCDC SACCOS Annual Performance Report 2023
finance_access,region,Katavi,Savings_Deposits_TZS_Billions,Dec-2023,0.094,,TCDC SACCOS Annual Performance Report 2023
finance_access,region,Kigoma,Core_Capital_TZS_Billions,Dec-2023,0.015,,TCDC SACCOS Annual Performance Report 2023
finance_access,region,Kigoma,Total_Assets_TZS_Billions,Dec-2023,0.104,,TCDC SACCOS Annual Performance Report 2023
finance_access,region,Kigoma,Loans_Outstanding_TZS_Billions,Dec-2023,0.044,,TCDC SACCOS Annual Performance Report 2023
finance_access,region,Kigoma,Savings_Deposits_TZS_Billions,Dec-2023,0.025,,TCDC SACCOS Annual Performance Report 2023
finance_access,region,Kilimanjaro,Core_Capital_TZS_Billions,Dec-2023,15.269,,TCDC SACCOS Annual Performance Report 2023
finance_access,region,Kilimanjaro,Total_Assets_TZS_Billions,Dec-2023,119.084,,TCDC SACCOS Annual Performance Report 2023
finance_access,region,Kilimanjaro,Loans_Outstanding_TZS_Billions,Dec-2023,95.837,,TCDC SACCOS Annual Performance Report 2023
finance_access,region,Kilimanjaro,Savings_Deposits_TZS_Billions,Dec-2023,92.429,,TCDC SACCOS Annual Performance Report 2023
finance_access,region,Lindi,Core_Capital_TZS_Billions,Dec-2023,0.547,,TCDC SACCOS Annual Performance Report 2023
finance_access,region,Lindi,Total_Assets_TZS_Billions,Dec-2023,1.683,,TCDC SACCOS Annual Performance Report 2023
finance_access,region,Lindi,Loans_Outstanding_TZS_Billions,Dec-2023,0.71,,TCDC SACCOS Annual Performance Report 2023
finance_access,region,Lindi,Savings_Deposits_TZS_Billions,Dec-2023,0.631,,TCDC SACCOS Annual Performance Report 2023
finance_access,region,Mara,Core_Capital_TZS_Billions,Dec-2023,0.437,,TCDC SACCOS Annual Performance Report 2023
finance_access,region,Mara,Total_Assets_TZS_Billions,Dec-2023,2.017,,TCDC SACCOS Annual Performance Report 2023
finance_access,region,Mara,Loans_Outstanding_TZS_Billions,Dec-2023,1.361,,TCDC SACCOS Annual Performance Report 2023
finance_access,region,Mara,Savings_Deposits_TZS_Billions,Dec-2023,0.969,,TCDC SACCOS Annual Performance Report 2023
finance_access,region,Manyara,Core_Capital_TZS_Billions,Dec-2023,0.504,,TCDC SACCOS Annual Performance Report 2023
finance_access,region,Manyara,Total_Assets_TZS_Billions,Dec-2023,2.465,,TCDC SACCOS Annual Performance Report 2023
finance_access,region,Manyara,Loans_Outstanding_TZS_Billions,Dec-2023,2.206,,TCDC SACCOS Annual Performance Report 2023
finance_access,region,Manyara,Savings_Deposits_TZS_Billions,Dec-2023,2.165,,TCDC SACCOS Annual Performance Report 2023
finance_access,region,Mbeya,Core_Capital_TZS_Billions,Dec-2023,13.422,,TCDC SACCOS Annual Performance Report 2023
finance_access,region,Mbeya,Total_Assets_TZS_Billions,Dec-2023,71.898,,TCDC SACCOS Annual Performance Report 2023
finance_access,region,Mbeya,Loans_Outstanding_TZS_Billions,Dec-2023,57.638,,TCDC SACCOS Annual Performance Report 2023
finance_access,region,Mbeya,Savings_Deposits_TZS_Billions,Dec-2023,49.927,,TCDC SACCOS Annual Performance Report 2023
finance_access,region,Morogoro,Core_Capital_TZS_Billions,Dec-2023,4.083,,TCDC SACCOS Annual Performance Report 2023
finance_access,region,Morogoro,Total_Assets_TZS_Billions,Dec-2023,25.763,,TCDC SACCOS Annual Performance Report 2023
finance_access,region,Morogoro,Loans_Outstanding_TZS_Billions,Dec-2023,19.35,,TCDC SACCOS Annual Performance Report 2023
finance_access,region,Morogoro,Savings_Deposits_TZS_Billions,Dec-2023,15.723,,TCDC SACCOS Annual Performance Report 2023
finance_access,region,Mtwara,Core_Capital_TZS_Billions,Dec-2023,0.022,,TCDC SACCOS Annual Performance Report 2023
finance_access,region,Mtwara,Total_Assets_TZS_Billions,Dec-2023,0.921,,TCDC SACCOS Annual Performance Report 2023
finance_access,region,Mtwara,Loans_Outstanding_TZS_Billions,Dec-2023,0.184,,TCDC SACCOS Annual Performance Report 2023
finance_access,region,Mtwara,Savings_Deposits_TZS_Billions,Dec-2023,0.06,,TCDC SACCOS Annual Performance Report 2023
finance_access,region,Mwanza,Core_Capital_TZS_Billions,Dec-2023,3.696,,TCDC SACCOS Annual Performance Report 2023
finance_access,region,Mwanza,Total_Assets_TZS_Billions,Dec-2023,15.719,,TCDC SACCOS Annual Performance Report 2023
finance_access,region,Mwanza,Loans_Outstanding_TZS_Billions,Dec-2023,14.303,,TCDC SACCOS Annual Performance Report 2023
finance_access,region,Mwanza,Savings_Deposits_TZS_Billions,Dec-2023,8.324,,TCDC SACCOS Annual Performance Report 2023
finance_access,region,Njombe,Core_Capital_TZS_Billions,Dec-2023,2.053,,TCDC SACCOS Annual Performance Report 2023
finance_access,region,Njombe,Total_Assets_TZS_Billions,Dec-2023,15.132,,TCDC SACCOS Annual Performance Report 2023
finance_access,region,Njombe,Loans_Outstanding_TZS_Billions,Dec-2023,13.381,,TCDC SACCOS Annual Performance Report 2023
finance_access,region,Njombe,Savings_Deposits_TZS_Billions,Dec-2023,11.254,,TCDC SACCOS Annual Performance Report 2023
finance_access,region,Pwani,Core_Capital_TZS_Billions,Dec-2023,1.505,,TCDC SACCOS Annual Performance Report 2023
finance_access,region,Pwani,Total_Assets_TZS_Billions,Dec-2023,20.907,,TCDC SACCOS Annual Performance Report 2023
finance_access,region,Pwani,Loans_Outstanding_TZS_Billions,Dec-2023,12.429,,TCDC SACCOS Annual Performance Report 2023
finance_access,region,Pwani,Savings_Deposits_TZS_Billions,Dec-2023,5.062,,TCDC SACCOS Annual Performance Report 2023
finance_access,region,Rukwa,Core_Capital_TZS_Billions,Dec-2023,0.495,,TCDC SACCOS Annual Performance Report 2023
finance_access,region,Rukwa,Total_Assets_TZS_Billions,Dec-2023,1.36,,TCDC SACCOS Annual Performance Report 2023
finance_access,region,Rukwa,Loans_Outstanding_TZS_Billions,Dec-2023,1.087,,TCDC SACCOS Annual Performance Report 2023
finance_access,region,Rukwa,Savings_Deposits_TZS_Billions,Dec-2023,1.029,,TCDC SACCOS Annual Performance Report 2023
finance_access,region,Ruvuma,Core_Capital_TZS_Billions,Dec-2023,1.161,,TCDC SACCOS Annual Performance Report 2023
finance_access,region,Ruvuma,Total_Assets_TZS_Billions,Dec-2023,5.185,,TCDC SACCOS Annual Performance Report 2023
finance_access,region,Ruvuma,Loans_Outstanding_TZS_Billions,Dec-2023,3.553,,TCDC SACCOS Annual Performance Report 2023
finance_access,region,Ruvuma,Savings_Deposits_TZS_Billions,Dec-2023,3.188,,TCDC SACCOS Annual Performance Report 2023
finance_access,region,Shinyanga,Core_Capital_TZS_Billions,Dec-2023,1.525,,TCDC SACCOS Annual Performance Report 2023
finance_access,region,Shinyanga,Total_Assets_TZS_Billions,Dec-2023,2.974,,TCDC SACCOS Annual Performance Report 2023
finance_access,region,Shinyanga,Loans_Outstanding_TZS_Billions,Dec-2023,1.124,,TCDC SACCOS Annual Performance Report 2023
finance_access,region,Shinyanga,Savings_Deposits_TZS_Billions,Dec-2023,1.773,,TCDC SACCOS Annual Performance Report 2023
finance_access,region,Simiyu,Core_Capital_TZS_Billions,Dec-2023,0.125,,TCDC SACCOS Annual Performance Report 2023
finance_access,region,Simiyu,Total_Assets_TZS_Billions,Dec-2023,1.234,,TCDC SACCOS Annual Performance Report 2023
finance_access,region,Simiyu,Loans_Outstanding_TZS_Billions,Dec-2023,0.614,,TCDC SACCOS Annual Performance Report 2023
finance_access,region,Simiyu,Savings_Deposits_TZS_Billions,Dec-2023,0.032,,TCDC SACCOS Annual Performance Report 2023
finance_access,region,Singida,Core_Capital_TZS_Billions,Dec-2023,0.901,,TCDC SACCOS Annual Performance Report 2023
finance_access,region,Singida,Total_Assets_TZS_Billions,Dec-2023,3.35,,TCDC SACCOS Annual Performance Report 2023
finance_access,region,Singida,Loans_Outstanding_TZS_Billions,Dec-2023,4.258,,TCDC SACCOS Annual Performance Report 2023
finance_access,region,Singida,Savings_Deposits_TZS_Billions,Dec-2023,1.856,,TCDC SACCOS Annual Performance Report 2023
finance_access,region,Songwe,Core_Capital_TZS_Billions,Dec-2023,0.063,,TCDC SACCOS Annual Performance Report 2023
finance_access,region,Songwe,Total_Assets_TZS_Billions,Dec-2023,0.085,,TCDC SACCOS Annual Performance Report 2023
finance_access,region,Songwe,Loans_Outstanding_TZS_Billions,Dec-2023,0.218,,TCDC SACCOS Annual Performance Report 2023
finance_access,region,Songwe,Savings_Deposits_TZS_Billions,Dec-2023,0.054,,TCDC SACCOS Annual Performance Report 2023
finance_access,region,Tabora,Core_Capital_TZS_Billions,Dec-2023,0.023,,TCDC SACCOS Annual Performance Report 2023
finance_access,region,Tabora,Total_Assets_TZS_Billions,Dec-2023,0.187,,TCDC SACCOS Annual Performance Report 2023
finance_access,region,Tabora,Loans_Outstanding_TZS_Billions,Dec-2023,0.121,,TCDC SACCOS Annual Performance Report 2023
finance_access,region,Tabora,Savings_Deposits_TZS_Billions,Dec-2023,0.166,,TCDC SACCOS Annual Performance Report 2023
finance_access,region,Tanga,Core_Capital_TZS_Billions,Dec-2023,2.091,,TCDC SACCOS Annual Performance Report 2023
finance_access,region,Tanga,Total_Assets_TZS_Billions,Dec-2023,9.939,,TCDC SACCOS Annual Performance Report 2023
finance_access,region,Tanga,Loans_Outstanding_TZS_Billions,Dec-2023,5.312,,TCDC SACCOS Annual Performance Report 2023
finance_access,region,Tanga,Savings_Deposits_TZS_Billions,Dec-2023,5.453,,TCDC SACCOS Annual Performance Report 2023
finance_access,region,TOTAL,Core_Capital_TZS_Billions,Dec-2023,180.406,,TCDC SACCOS Annual Performance Report 2023
finance_access,region,TOTAL,Total_Assets_TZS_Billions,Dec-2023,1328.416,,TCDC SACCOS Annual Performance Report 2023
finance_access,region,TOTAL,Loans_Outstanding_TZS_Billions,Dec-2023,1113.732,,TCDC SACCOS Annual Performance Report 2023
finance_access,region,TOTAL,Savings_Deposits_TZS_Billions,Dec-2023,966.942,,TCDC SACCOS Annual Performance Report 2023
risk,national,Tanzania,NPL_to_Gross_Loans_Pct,2023,8.79,5% max standard | Asset quality / credit risk,TCDC SACCOS Annual Performance Report 2023
risk,national,Tanzania,Non_Earning_Assets_Pct,2023,13,<=10% standard | Asset quality,TCDC SACCOS Annual Performance Report 2023
risk,national,Tanzania,Savings_Deposits_to_Total_Assets_Pct,2023,72.79,70-80% standard | Funding structure,TCDC SACCOS Annual Performance Report 2023
risk,national,Tanzania,Net_Loans_to_Total_Assets_Pct,2023,83.84,70-80% standard | Asset structure,TCDC SACCOS Annual Performance Report 2023
risk,national,Tanzania,Core_Capital_Ratio_Pct,2023,13.58,8% min standard | Capital adequacy,TCDC SACCOS Annual Performance Report 2023
risk,national,Tanzania,Institutional_Capital_Ratio_Pct,2023,6.05,6% min standard | Capital adequacy,TCDC SACCOS Annual Performance Report 2023
risk,national,Tanzania,Top35_SACCOS_Share_of_Total_Assets_Pct,2023,62.93,Concentration risk,TCDC SACCOS Annual Performance Report 2023
risk,national,Tanzania,Dar_es_Salaam_Share_of_SACCOS_Assets_Pct,2023,68.94,Geographic concentration,TCDC SACCOS Annual Performance Report 2023
risk,national,Tanzania,Dar_es_Salaam_Share_of_SACCOS_Loans_Pct,2023,70.38,Geographic concentration,TCDC SACCOS Annual Performance Report 2023
risk,national,Tanzania,Women_Members_Pct,2023,37.62,Inclusion gap,TCDC SACCOS Annual Performance Report 2023
risk,national,Tanzania,Youth_Under36_Members_Pct,2023,36,Inclusion gap,TCDC SACCOS Annual Performance Report 2023
risk,national,Tanzania,Employee_Based_SACCOS_Membership_Pct,2023,53.5,Membership structure,TCDC SACCOS Annual Performance Report 2023
risk,national,Tanzania,Community_Based_SACCOS_Membership_Pct,2023,46.5,Membership structure,TCDC SACCOS Annual Performance Report 2023
risk,national,Tanzania,Total_Members_Licensed_SACCOS,2023,1814803,Scale,TCDC SACCOS Annual Performance Report 2023
risk,national,Tanzania,SACCOS_Employees_2023,2023,12031,"13,676 in 2022 | Employment",TCDC SACCOS Annual Performance Report 2023
risk,national,Tanzania,SACCOS_Employees_Female_Pct,2023,28.54,Employment,TCDC SACCOS Annual Performance Report 2023
risk,national,Tanzania,Licensed_SACCOS_Reporting,2023,884,"of 1,283 registered | Regulatory compliance",TCDC SACCOS Annual Performance Report 2023
finance_access,national,Tanzania,Formal_Financial_Inclusion_Pct,2017,65,,FinScope Tanzania 2023 (FSDT/BoT/NBS)
finance_access,national,Tanzania,Formal_Financial_Inclusion_Pct,2023,76,,FinScope Tanzania 2023 (FSDT/BoT/NBS)
finance_access,national,Tanzania,Banked_Adults_Pct,2017,16.7,,FinScope Tanzania 2023 (FSDT/BoT/NBS)
finance_access,national,Tanzania,Banked_Adults_Pct,2023,22.2,,FinScope Tanzania 2023 (FSDT/BoT/NBS)
finance_access,national,Tanzania,Other_Formal_Services_Pct,2017,48.6,CMGs reclassified as formal under Microfinance Act 2018,FinScope Tanzania 2023 (FSDT/BoT/NBS)
finance_access,national,Tanzania,Other_Formal_Services_Pct,2023,53.5,CMGs reclassified as formal under Microfinance Act 2018,FinScope Tanzania 2023 (FSDT/BoT/NBS)
finance_access,national,Tanzania,Informal_Services_Only_Pct,2017,6.7,,FinScope Tanzania 2023 (FSDT/BoT/NBS)
finance_access,national,Tanzania,Informal_Services_Only_Pct,2023,5.7,,FinScope Tanzania 2023 (FSDT/BoT/NBS)
finance_access,national,Tanzania,Financially_Excluded_Pct,2017,28,,FinScope Tanzania 2023 (FSDT/BoT/NBS)
finance_access,national,Tanzania,Financially_Excluded_Pct,2023,18.7,,FinScope Tanzania 2023 (FSDT/BoT/NBS)
finance_access,national,Tanzania,Financially_Excluded_Adults_Millions,2017,7.8,,FinScope Tanzania 2023 (FSDT/BoT/NBS)
finance_access,national,Tanzania,Financially_Excluded_Adults_Millions,2023,6.4,,FinScope Tanzania 2023 (FSDT/BoT/NBS)
finance_access,national,Tanzania,Adult_Population_16plus_Millions,2017,27.9,,FinScope Tanzania 2023 (FSDT/BoT/NBS)
finance_access,national,Tanzania,Adult_Population_16plus_Millions,2023,34.1,,FinScope Tanzania 2023 (FSDT/BoT/NBS)
finance_access,national,Tanzania,Mobile_Money_Uptake_Pct,2017,60,,FinScope Tanzania 2023 (FSDT/BoT/NBS)
finance_access,national,Tanzania,Mobile_Money_Uptake_Pct,2023,72,,FinScope Tanzania 2023 (FSDT/BoT/NBS)
finance_access,national,Tanzania,Commercial_Bank_Uptake_Pct,2017,17,Bank users 4.7M (2017) to 7.5M (2023),FinScope Tanzania 2023 (FSDT/BoT/NBS)
finance_access,national,Tanzania,Commercial_Bank_Uptake_Pct,2023,22,Bank users 4.7M (2017) to 7.5M (2023),FinScope Tanzania 2023 (FSDT/BoT/NBS)
finance_access,national,Tanzania,Mobile_Wallet_Users_Millions,2017,16.6,,FinScope Tanzania 2023 (FSDT/BoT/NBS)
finance_access,national,Tanzania,Mobile_Wallet_Users_Millions,2023,24.4,,FinScope Tanzania 2023 (FSDT/BoT/NBS)
finance_access,national,Tanzania,CMG_Savings_Group_Uptake_Pct,2017,15,Community Microfinance Groups; similar penetration retained,FinScope Tanzania 2023 (FSDT/BoT/NBS)
finance_access,national,Tanzania,CMG_Savings_Group_Uptake_Pct,2023,16,Community Microfinance Groups; similar penetration retained,FinScope Tanzania 2023 (FSDT/BoT/NBS)
finance_access,national,Tanzania,SACCOS_Users_Millions,2017,0.4,About 1.4% (2017) and 1.8% (2023) of adults; change within survey margin of error,FinScope Tanzania 2023 (FSDT/BoT/NBS)
finance_access,national,Tanzania,SACCOS_Users_Millions,2023,0.6,About 1.4% (2017) and 1.8% (2023) of adults; change within survey margin of error,FinScope Tanzania 2023 (FSDT/BoT/NBS)
finance_access,national,Tanzania,Insurance_Uptake_Pct,2017,15,Insured adults 4.2M (2017) to 3.5M (2023),FinScope Tanzania 2023 (FSDT/BoT/NBS)
finance_access,national,Tanzania,Insurance_Uptake_Pct,2023,10,Insured adults 4.2M (2017) to 3.5M (2023),FinScope Tanzania 2023 (FSDT/BoT/NBS)
finance_access,national,Tanzania,Shop_Supply_Chain_Credit_Pct,2017,12,25% in 2013; sustained decline,FinScope Tanzania 2023 (FSDT/BoT/NBS)
finance_access,national,Tanzania,Shop_Supply_Chain_Credit_Pct,2023,8,25% in 2013; sustained decline,FinScope Tanzania 2023 (FSDT/BoT/NBS)
finance_access,national,Tanzania,Saved_In_Past_12_Months_Pct,2023,47,Primarily to smooth cash flow; 47% of savers save at home,FinScope Tanzania 2023 (FSDT/BoT/NBS)
finance_access,national,Tanzania,Borrowed_In_Past_12_Months_Pct,2017,44,Friends and family remain key credit source (67% of borrowers),FinScope Tanzania 2023 (FSDT/BoT/NBS)
finance_access,national,Tanzania,Borrowed_In_Past_12_Months_Pct,2023,36,Friends and family remain key credit source (67% of borrowers),FinScope Tanzania 2023 (FSDT/BoT/NBS)
cooperatives,region,Arusha,AMCOS_Registered,Sep-2021,47,,TCDC/Ushirika statistics (ushirika.go.tz)
cooperatives,region,Arusha,SACCOS_Registered,Sep-2021,183,,TCDC/Ushirika statistics (ushirika.go.tz)
cooperatives,region,Arusha,Total_Cooperatives,Sep-2021,263,,TCDC/Ushirika statistics (ushirika.go.tz)
cooperatives,region,Dar es Salaam,AMCOS_Registered,Sep-2021,20,,TCDC/Ushirika statistics (ushirika.go.tz)
cooperatives,region,Dar es Salaam,SACCOS_Registered,Sep-2021,806,,TCDC/Ushirika statistics (ushirika.go.tz)
cooperatives,region,Dar es Salaam,Total_Cooperatives,Sep-2021,1010,,TCDC/Ushirika statistics (ushirika.go.tz)
cooperatives,region,Dodoma,AMCOS_Registered,Sep-2021,61,,TCDC/Ushirika statistics (ushirika.go.tz)
cooperatives,region,Dodoma,SACCOS_Registered,Sep-2021,159,,TCDC/Ushirika statistics (ushirika.go.tz)
cooperatives,region,Dodoma,Total_Cooperatives,Sep-2021,256,,TCDC/Ushirika statistics (ushirika.go.tz)
cooperatives,region,Geita,AMCOS_Registered,Sep-2021,201,,TCDC/Ushirika statistics (ushirika.go.tz)
cooperatives,region,Geita,SACCOS_Registered,Sep-2021,266,,TCDC/Ushirika statistics (ushirika.go.tz)
cooperatives,region,Geita,Total_Cooperatives,Sep-2021,664,,TCDC/Ushirika statistics (ushirika.go.tz)
cooperatives,region,Iringa,AMCOS_Registered,Sep-2021,86,,TCDC/Ushirika statistics (ushirika.go.tz)
cooperatives,region,Iringa,SACCOS_Registered,Sep-2021,110,,TCDC/Ushirika statistics (ushirika.go.tz)
cooperatives,region,Iringa,Total_Cooperatives,Sep-2021,211,,TCDC/Ushirika statistics (ushirika.go.tz)
cooperatives,region,Kagera,AMCOS_Registered,Sep-2021,313,,TCDC/Ushirika statistics (ushirika.go.tz)
cooperatives,region,Kagera,SACCOS_Registered,Sep-2021,187,,TCDC/Ushirika statistics (ushirika.go.tz)
cooperatives,region,Kagera,Total_Cooperatives,Sep-2021,542,,TCDC/Ushirika statistics (ushirika.go.tz)
cooperatives,region,Katavi,AMCOS_Registered,Sep-2021,29,,TCDC/Ushirika statistics (ushirika.go.tz)
cooperatives,region,Katavi,SACCOS_Registered,Sep-2021,26,,TCDC/Ushirika statistics (ushirika.go.tz)
cooperatives,region,Katavi,Total_Cooperatives,Sep-2021,59,,TCDC/Ushirika statistics (ushirika.go.tz)
cooperatives,region,Kigoma,AMCOS_Registered,Sep-2021,136,,TCDC/Ushirika statistics (ushirika.go.tz)
cooperatives,region,Kigoma,SACCOS_Registered,Sep-2021,94,,TCDC/Ushirika statistics (ushirika.go.tz)
cooperatives,region,Kigoma,Total_Cooperatives,Sep-2021,252,,TCDC/Ushirika statistics (ushirika.go.tz)
cooperatives,region,Kilimanjaro,AMCOS_Registered,Sep-2021,122,,TCDC/Ushirika statistics (ushirika.go.tz)
cooperatives,region,Kilimanjaro,SACCOS_Registered,Sep-2021,244,,TCDC/Ushirika statistics (ushirika.go.tz)
cooperatives,region,Kilimanjaro,Total_Cooperatives,Sep-2021,472,,TCDC/Ushirika statistics (ushirika.go.tz)
cooperatives,region,Lindi,AMCOS_Registered,Sep-2021,163,,TCDC/Ushirika statistics (ushirika.go.tz)
cooperatives,region,Lindi,SACCOS_Registered,Sep-2021,26,,TCDC/Ushirika statistics (ushirika.go.tz)
cooperatives,region,Lindi,Total_Cooperatives,Sep-2021,197,,TCDC/Ushirika statistics (ushirika.go.tz)
cooperatives,region,Manyara,AMCOS_Registered,Sep-2021,65,,TCDC/Ushirika statistics (ushirika.go.tz)
cooperatives,region,Manyara,SACCOS_Registered,Sep-2021,79,,TCDC/Ushirika statistics (ushirika.go.tz)
cooperatives,region,Manyara,Total_Cooperatives,Sep-2021,159,,TCDC/Ushirika statistics (ushirika.go.tz)
cooperatives,region,Mara,AMCOS_Registered,Sep-2021,248,,TCDC/Ushirika statistics (ushirika.go.tz)
cooperatives,region,Mara,SACCOS_Registered,Sep-2021,94,,TCDC/Ushirika statistics (ushirika.go.tz)
cooperatives,region,Mara,Total_Cooperatives,Sep-2021,370,,TCDC/Ushirika statistics (ushirika.go.tz)
cooperatives,region,Mbeya,AMCOS_Registered,Sep-2021,191,,TCDC/Ushirika statistics (ushirika.go.tz)
cooperatives,region,Mbeya,SACCOS_Registered,Sep-2021,171,,TCDC/Ushirika statistics (ushirika.go.tz)
cooperatives,region,Mbeya,Total_Cooperatives,Sep-2021,464,,TCDC/Ushirika statistics (ushirika.go.tz)
cooperatives,region,Morogoro,AMCOS_Registered,Sep-2021,214,,TCDC/Ushirika statistics (ushirika.go.tz)
cooperatives,region,Morogoro,SACCOS_Registered,Sep-2021,141,,TCDC/Ushirika statistics (ushirika.go.tz)
cooperatives,region,Morogoro,Total_Cooperatives,Sep-2021,388,,TCDC/Ushirika statistics (ushirika.go.tz)
cooperatives,region,Mtwara,AMCOS_Registered,Sep-2021,367,,TCDC/Ushirika statistics (ushirika.go.tz)
cooperatives,region,Mtwara,SACCOS_Registered,Sep-2021,69,,TCDC/Ushirika statistics (ushirika.go.tz)
cooperatives,region,Mtwara,Total_Cooperatives,Sep-2021,448,,TCDC/Ushirika statistics (ushirika.go.tz)
cooperatives,region,Mwanza,AMCOS_Registered,Sep-2021,253,,TCDC/Ushirika statistics (ushirika.go.tz)
cooperatives,region,Mwanza,SACCOS_Registered,Sep-2021,143,,TCDC/Ushirika statistics (ushirika.go.tz)
cooperatives,region,Mwanza,Total_Cooperatives,Sep-2021,457,,TCDC/Ushirika statistics (ushirika.go.tz)
cooperatives,region,Njombe,AMCOS_Registered,Sep-2021,121,,TCDC/Ushirika statistics (ushirika.go.tz)
cooperatives,region,Njombe,SACCOS_Registered,Sep-2021,108,,TCDC/Ushirika statistics (ushirika.go.tz)
cooperatives,region,Njombe,Total_Cooperatives,Sep-2021,298,,TCDC/Ushirika statistics (ushirika.go.tz)
cooperatives,region,Pwani,AMCOS_Registered,Sep-2021,125,,TCDC/Ushirika statistics (ushirika.go.tz)
cooperatives,region,Pwani,SACCOS_Registered,Sep-2021,98,,TCDC/Ushirika statistics (ushirika.go.tz)
cooperatives,region,Pwani,Total_Cooperatives,Sep-2021,278,,TCDC/Ushirika statistics (ushirika.go.tz)
cooperatives,region,Rukwa,AMCOS_Registered,Sep-2021,100,,TCDC/Ushirika statistics (ushirika.go.tz)
cooperatives,region,Rukwa,SACCOS_Registered,Sep-2021,97,,TCDC/Ushirika statistics (ushirika.go.tz)
cooperatives,region,Rukwa,Total_Cooperatives,Sep-2021,207,,TCDC/Ushirika statistics (ushirika.go.tz)
cooperatives,region,Ruvuma,AMCOS_Registered,Sep-2021,213,,TCDC/Ushirika statistics (ushirika.go.tz)
cooperatives,region,Ruvuma,SACCOS_Registered,Sep-2021,84,,TCDC/Ushirika statistics (ushirika.go.tz)
cooperatives,region,Ruvuma,Total_Cooperatives,Sep-2021,302,,TCDC/Ushirika statistics (ushirika.go.tz)
cooperatives,region,Shinyanga,AMCOS_Registered,Sep-2021,265,,TCDC/Ushirika statistics (ushirika.go.tz)
cooperatives,region,Shinyanga,SACCOS_Registered,Sep-2021,256,,TCDC/Ushirika statistics (ushirika.go.tz)
cooperatives,region,Shinyanga,Total_Cooperatives,Sep-2021,550,,TCDC/Ushirika statistics (ushirika.go.tz)
cooperatives,region,Simiyu,AMCOS_Registered,Sep-2021,305,,TCDC/Ushirika statistics (ushirika.go.tz)
cooperatives,region,Simiyu,SACCOS_Registered,Sep-2021,41,,TCDC/Ushirika statistics (ushirika.go.tz)
cooperatives,region,Simiyu,Total_Cooperatives,Sep-2021,346,,TCDC/Ushirika statistics (ushirika.go.tz)
cooperatives,region,Singida,AMCOS_Registered,Sep-2021,127,,TCDC/Ushirika statistics (ushirika.go.tz)
cooperatives,region,Singida,SACCOS_Registered,Sep-2021,110,,TCDC/Ushirika statistics (ushirika.go.tz)
cooperatives,region,Singida,Total_Cooperatives,Sep-2021,283,,TCDC/Ushirika statistics (ushirika.go.tz)
cooperatives,region,Songwe,AMCOS_Registered,Sep-2021,195,,TCDC/Ushirika statistics (ushirika.go.tz)
cooperatives,region,Songwe,SACCOS_Registered,Sep-2021,30,,TCDC/Ushirika statistics (ushirika.go.tz)
cooperatives,region,Songwe,Total_Cooperatives,Sep-2021,245,,TCDC/Ushirika statistics (ushirika.go.tz)
cooperatives,region,Tabora,AMCOS_Registered,Sep-2021,487,,TCDC/Ushirika statistics (ushirika.go.tz)
cooperatives,region,Tabora,SACCOS_Registered,Sep-2021,180,,TCDC/Ushirika statistics (ushirika.go.tz)
cooperatives,region,Tabora,Total_Cooperatives,Sep-2021,724,,TCDC/Ushirika statistics (ushirika.go.tz)
cooperatives,region,Tanga,AMCOS_Registered,Sep-2021,84,,TCDC/Ushirika statistics (ushirika.go.tz)
cooperatives,region,Tanga,SACCOS_Registered,Sep-2021,144,,TCDC/Ushirika statistics (ushirika.go.tz)
cooperatives,region,Tanga,Total_Cooperatives,Sep-2021,296,,TCDC/Ushirika statistics (ushirika.go.tz)
cooperatives,region,TOTAL,AMCOS_Registered,Sep-2021,4538,,TCDC/Ushirika statistics (ushirika.go.tz)
cooperatives,region,TOTAL,SACCOS_Registered,Sep-2021,3946,,TCDC/Ushirika statistics (ushirika.go.tz)
cooperatives,region,TOTAL,Total_Cooperatives,Sep-2021,9741,,TCDC/Ushirika statistics (ushirika.go.tz)
